[
  {
    "model": "admin.logentry",
    "pk": 1,
    "fields": {
      "action_time": "2023-10-08T18:16:40.779Z",
      "user": 1,
      "content_type": 7,
      "object_id": "1",
      "object_repr": "MoMo",
      "action_flag": 1,
      "change_message": "[{\"added\": {}}]"
    }
  },
  {
    "model": "admin.logentry",
    "pk": 2,
    "fields": {
      "action_time": "2023-10-08T18:17:24.881Z",
      "user": 1,
      "content_type": 7,
      "object_id": "2",
      "object_repr": "Chicken Biryani",
      "action_flag": 1,
      "change_message": "[{\"added\": {}}]"
    }
  },
  {
    "model": "admin.logentry",
    "pk": 3,
    "fields": {
      "action_time": "2023-10-08T18:18:14.886Z",
      "user": 1,
      "content_type": 7,
      "object_id": "3",
      "object_repr": "Chicken Chilli",
      "action_flag": 1,
      "change_message": "[{\"added\": {}}]"
    }
  },
  {
    "model": "admin.logentry",
    "pk": 4,
    "fields": {
      "action_time": "2023-10-08T18:18:38.197Z",
      "user": 1,
      "content_type": 9,
      "object_id": "1",
      "object_repr": "MoMo",
      "action_flag": 1,
      "change_message": "[{\"added\": {}}]"
    }
  },
  {
    "model": "admin.logentry",
    "pk": 5,
    "fields": {
      "action_time": "2023-10-08T18:18:44.261Z",
      "user": 1,
      "content_type": 9,
      "object_id": "2",
      "object_repr": "Chicken Biryani",
      "action_flag": 1,
      "change_message": "[{\"added\": {}}]"
    }
  },
  {
    "model": "admin.logentry",
    "pk": 6,
    "fields": {
      "action_time": "2023-10-08T18:18:49.450Z",
      "user": 1,
      "content_type": 9,
      "object_id": "3",
      "object_repr": "Chicken Chilli",
      "action_flag": 1,
      "change_message": "[{\"added\": {}}]"
    }
  },
  {
    "model": "admin.logentry",
    "pk": 7,
    "fields": {
      "action_time": "2023-10-09T14:12:50.610Z",
      "user": 1,
      "content_type": 8,
      "object_id": "6",
      "object_repr": "Cart object (6)",
      "action_flag": 3,
      "change_message": ""
    }
  },
  {
    "model": "admin.logentry",
    "pk": 8,
    "fields": {
      "action_time": "2023-10-09T14:12:50.615Z",
      "user": 1,
      "content_type": 8,
      "object_id": "5",
      "object_repr": "Cart object (5)",
      "action_flag": 3,
      "change_message": ""
    }
  },
  {
    "model": "admin.logentry",
    "pk": 9,
    "fields": {
      "action_time": "2023-10-09T14:12:50.621Z",
      "user": 1,
      "content_type": 8,
      "object_id": "4",
      "object_repr": "Cart object (4)",
      "action_flag": 3,
      "change_message": ""
    }
  },
  {
    "model": "admin.logentry",
    "pk": 10,
    "fields": {
      "action_time": "2023-10-10T03:03:43.252Z",
      "user": 1,
      "content_type": 7,
      "object_id": "4",
      "object_repr": "Grilled Chicken",
      "action_flag": 1,
      "change_message": "[{\"added\": {}}]"
    }
  },
  {
    "model": "admin.logentry",
    "pk": 11,
    "fields": {
      "action_time": "2023-10-10T03:05:21.727Z",
      "user": 1,
      "content_type": 7,
      "object_id": "5",
      "object_repr": "Chicken Lollipop",
      "action_flag": 1,
      "change_message": "[{\"added\": {}}]"
    }
  },
  {
    "model": "admin.logentry",
    "pk": 12,
    "fields": {
      "action_time": "2023-10-10T03:07:13.786Z",
      "user": 1,
      "content_type": 7,
      "object_id": "6",
      "object_repr": "Mutton Dum Biryani",
      "action_flag": 1,
      "change_message": "[{\"added\": {}}]"
    }
  },
  {
    "model": "admin.logentry",
    "pk": 13,
    "fields": {
      "action_time": "2023-10-10T03:09:36.773Z",
      "user": 1,
      "content_type": 7,
      "object_id": "7",
      "object_repr": "Sekuwa Kebab",
      "action_flag": 1,
      "change_message": "[{\"added\": {}}]"
    }
  },
  {
    "model": "admin.logentry",
    "pk": 14,
    "fields": {
      "action_time": "2023-10-10T03:13:12.495Z",
      "user": 1,
      "content_type": 7,
      "object_id": "8",
      "object_repr": "Mutton Bhuttan",
      "action_flag": 1,
      "change_message": "[{\"added\": {}}]"
    }
  },
  {
    "model": "admin.logentry",
    "pk": 15,
    "fields": {
      "action_time": "2023-10-10T03:16:01.273Z",
      "user": 1,
      "content_type": 7,
      "object_id": "9",
      "object_repr": "Fish Fry",
      "action_flag": 1,
      "change_message": "[{\"added\": {}}]"
    }
  },
  {
    "model": "admin.logentry",
    "pk": 16,
    "fields": {
      "action_time": "2023-10-10T03:24:53.788Z",
      "user": 1,
      "content_type": 9,
      "object_id": "4",
      "object_repr": "Mutton Dum Biryani",
      "action_flag": 1,
      "change_message": "[{\"added\": {}}]"
    }
  },
  {
    "model": "admin.logentry",
    "pk": 17,
    "fields": {
      "action_time": "2023-10-10T03:25:00.348Z",
      "user": 1,
      "content_type": 9,
      "object_id": "5",
      "object_repr": "Sekuwa Kebab",
      "action_flag": 1,
      "change_message": "[{\"added\": {}}]"
    }
  },
  {
    "model": "admin.logentry",
    "pk": 18,
    "fields": {
      "action_time": "2023-10-10T03:25:11.442Z",
      "user": 1,
      "content_type": 9,
      "object_id": "6",
      "object_repr": "Fish Fry",
      "action_flag": 1,
      "change_message": "[{\"added\": {}}]"
    }
  },
  {
    "model": "admin.logentry",
    "pk": 19,
    "fields": {
      "action_time": "2023-10-16T16:56:47.256Z",
      "user": 1,
      "content_type": 10,
      "object_id": "34",
      "object_repr": "Order: 34",
      "action_flag": 3,
      "change_message": ""
    }
  },
  {
    "model": "admin.logentry",
    "pk": 20,
    "fields": {
      "action_time": "2023-10-16T16:56:47.264Z",
      "user": 1,
      "content_type": 10,
      "object_id": "33",
      "object_repr": "Order: 33",
      "action_flag": 3,
      "change_message": ""
    }
  },
  {
    "model": "admin.logentry",
    "pk": 21,
    "fields": {
      "action_time": "2023-10-16T16:56:47.268Z",
      "user": 1,
      "content_type": 10,
      "object_id": "32",
      "object_repr": "Order: 32",
      "action_flag": 3,
      "change_message": ""
    }
  },
  {
    "model": "admin.logentry",
    "pk": 22,
    "fields": {
      "action_time": "2023-10-16T16:56:47.272Z",
      "user": 1,
      "content_type": 10,
      "object_id": "31",
      "object_repr": "Order: 31",
      "action_flag": 3,
      "change_message": ""
    }
  },
  {
    "model": "admin.logentry",
    "pk": 23,
    "fields": {
      "action_time": "2023-10-16T16:56:47.276Z",
      "user": 1,
      "content_type": 10,
      "object_id": "30",
      "object_repr": "Order: 30",
      "action_flag": 3,
      "change_message": ""
    }
  },
  {
    "model": "admin.logentry",
    "pk": 24,
    "fields": {
      "action_time": "2023-10-16T16:56:47.280Z",
      "user": 1,
      "content_type": 10,
      "object_id": "29",
      "object_repr": "Order: 29",
      "action_flag": 3,
      "change_message": ""
    }
  },
  {
    "model": "admin.logentry",
    "pk": 25,
    "fields": {
      "action_time": "2023-10-16T16:56:47.284Z",
      "user": 1,
      "content_type": 10,
      "object_id": "28",
      "object_repr": "Order: 28",
      "action_flag": 3,
      "change_message": ""
    }
  },
  {
    "model": "admin.logentry",
    "pk": 26,
    "fields": {
      "action_time": "2023-10-16T16:56:47.288Z",
      "user": 1,
      "content_type": 10,
      "object_id": "27",
      "object_repr": "Order: 27",
      "action_flag": 3,
      "change_message": ""
    }
  },
  {
    "model": "admin.logentry",
    "pk": 27,
    "fields": {
      "action_time": "2023-10-16T16:56:47.295Z",
      "user": 1,
      "content_type": 10,
      "object_id": "26",
      "object_repr": "Order: 26",
      "action_flag": 3,
      "change_message": ""
    }
  },
  {
    "model": "admin.logentry",
    "pk": 28,
    "fields": {
      "action_time": "2023-10-16T16:56:47.300Z",
      "user": 1,
      "content_type": 10,
      "object_id": "25",
      "object_repr": "Order: 25",
      "action_flag": 3,
      "change_message": ""
    }
  },
  {
    "model": "admin.logentry",
    "pk": 29,
    "fields": {
      "action_time": "2023-10-16T16:56:47.305Z",
      "user": 1,
      "content_type": 10,
      "object_id": "24",
      "object_repr": "Order: 24",
      "action_flag": 3,
      "change_message": ""
    }
  },
  {
    "model": "admin.logentry",
    "pk": 30,
    "fields": {
      "action_time": "2023-10-16T16:56:47.310Z",
      "user": 1,
      "content_type": 10,
      "object_id": "23",
      "object_repr": "Order: 23",
      "action_flag": 3,
      "change_message": ""
    }
  },
  {
    "model": "admin.logentry",
    "pk": 31,
    "fields": {
      "action_time": "2023-10-16T16:56:47.315Z",
      "user": 1,
      "content_type": 10,
      "object_id": "22",
      "object_repr": "Order: 22",
      "action_flag": 3,
      "change_message": ""
    }
  },
  {
    "model": "admin.logentry",
    "pk": 32,
    "fields": {
      "action_time": "2023-10-16T16:56:47.321Z",
      "user": 1,
      "content_type": 10,
      "object_id": "21",
      "object_repr": "Order: 21",
      "action_flag": 3,
      "change_message": ""
    }
  },
  {
    "model": "admin.logentry",
    "pk": 33,
    "fields": {
      "action_time": "2023-10-16T16:56:47.325Z",
      "user": 1,
      "content_type": 10,
      "object_id": "20",
      "object_repr": "Order: 20",
      "action_flag": 3,
      "change_message": ""
    }
  },
  {
    "model": "admin.logentry",
    "pk": 34,
    "fields": {
      "action_time": "2023-10-16T16:56:47.330Z",
      "user": 1,
      "content_type": 10,
      "object_id": "19",
      "object_repr": "Order: 19",
      "action_flag": 3,
      "change_message": ""
    }
  },
  {
    "model": "admin.logentry",
    "pk": 35,
    "fields": {
      "action_time": "2023-10-16T16:56:47.333Z",
      "user": 1,
      "content_type": 10,
      "object_id": "18",
      "object_repr": "Order: 18",
      "action_flag": 3,
      "change_message": ""
    }
  },
  {
    "model": "admin.logentry",
    "pk": 36,
    "fields": {
      "action_time": "2023-10-16T16:56:47.337Z",
      "user": 1,
      "content_type": 10,
      "object_id": "17",
      "object_repr": "Order: 17",
      "action_flag": 3,
      "change_message": ""
    }
  },
  {
    "model": "admin.logentry",
    "pk": 37,
    "fields": {
      "action_time": "2023-10-16T16:56:47.342Z",
      "user": 1,
      "content_type": 10,
      "object_id": "16",
      "object_repr": "Order: 16",
      "action_flag": 3,
      "change_message": ""
    }
  },
  {
    "model": "admin.logentry",
    "pk": 38,
    "fields": {
      "action_time": "2023-10-16T16:56:47.346Z",
      "user": 1,
      "content_type": 10,
      "object_id": "15",
      "object_repr": "Order: 15",
      "action_flag": 3,
      "change_message": ""
    }
  },
  {
    "model": "admin.logentry",
    "pk": 39,
    "fields": {
      "action_time": "2023-10-16T16:56:47.350Z",
      "user": 1,
      "content_type": 10,
      "object_id": "14",
      "object_repr": "Order: 14",
      "action_flag": 3,
      "change_message": ""
    }
  },
  {
    "model": "admin.logentry",
    "pk": 40,
    "fields": {
      "action_time": "2023-10-16T16:56:47.354Z",
      "user": 1,
      "content_type": 10,
      "object_id": "13",
      "object_repr": "Order: 13",
      "action_flag": 3,
      "change_message": ""
    }
  },
  {
    "model": "admin.logentry",
    "pk": 41,
    "fields": {
      "action_time": "2023-10-16T16:56:47.360Z",
      "user": 1,
      "content_type": 10,
      "object_id": "12",
      "object_repr": "Order: 12",
      "action_flag": 3,
      "change_message": ""
    }
  },
  {
    "model": "admin.logentry",
    "pk": 42,
    "fields": {
      "action_time": "2023-10-16T16:56:47.365Z",
      "user": 1,
      "content_type": 10,
      "object_id": "11",
      "object_repr": "Order: 11",
      "action_flag": 3,
      "change_message": ""
    }
  },
  {
    "model": "admin.logentry",
    "pk": 43,
    "fields": {
      "action_time": "2023-10-16T16:56:47.370Z",
      "user": 1,
      "content_type": 10,
      "object_id": "10",
      "object_repr": "Order: 10",
      "action_flag": 3,
      "change_message": ""
    }
  },
  {
    "model": "admin.logentry",
    "pk": 44,
    "fields": {
      "action_time": "2023-10-16T16:56:47.376Z",
      "user": 1,
      "content_type": 10,
      "object_id": "9",
      "object_repr": "Order: 9",
      "action_flag": 3,
      "change_message": ""
    }
  },
  {
    "model": "admin.logentry",
    "pk": 45,
    "fields": {
      "action_time": "2023-10-16T16:56:47.383Z",
      "user": 1,
      "content_type": 10,
      "object_id": "8",
      "object_repr": "Order: 8",
      "action_flag": 3,
      "change_message": ""
    }
  },
  {
    "model": "admin.logentry",
    "pk": 46,
    "fields": {
      "action_time": "2023-10-16T16:56:47.389Z",
      "user": 1,
      "content_type": 10,
      "object_id": "7",
      "object_repr": "Order: 7",
      "action_flag": 3,
      "change_message": ""
    }
  },
  {
    "model": "admin.logentry",
    "pk": 47,
    "fields": {
      "action_time": "2023-10-16T16:56:47.395Z",
      "user": 1,
      "content_type": 10,
      "object_id": "6",
      "object_repr": "Order: 6",
      "action_flag": 3,
      "change_message": ""
    }
  },
  {
    "model": "admin.logentry",
    "pk": 48,
    "fields": {
      "action_time": "2023-10-16T16:56:47.399Z",
      "user": 1,
      "content_type": 10,
      "object_id": "5",
      "object_repr": "Order: 5",
      "action_flag": 3,
      "change_message": ""
    }
  },
  {
    "model": "admin.logentry",
    "pk": 49,
    "fields": {
      "action_time": "2023-10-16T16:56:47.403Z",
      "user": 1,
      "content_type": 10,
      "object_id": "4",
      "object_repr": "Order: 4",
      "action_flag": 3,
      "change_message": ""
    }
  },
  {
    "model": "admin.logentry",
    "pk": 50,
    "fields": {
      "action_time": "2023-10-16T16:56:47.411Z",
      "user": 1,
      "content_type": 10,
      "object_id": "3",
      "object_repr": "Order: 3",
      "action_flag": 3,
      "change_message": ""
    }
  },
  {
    "model": "admin.logentry",
    "pk": 51,
    "fields": {
      "action_time": "2023-10-16T16:56:47.417Z",
      "user": 1,
      "content_type": 10,
      "object_id": "2",
      "object_repr": "Order: 2",
      "action_flag": 3,
      "change_message": ""
    }
  },
  {
    "model": "admin.logentry",
    "pk": 52,
    "fields": {
      "action_time": "2023-10-16T16:56:47.421Z",
      "user": 1,
      "content_type": 10,
      "object_id": "1",
      "object_repr": "Order: 1",
      "action_flag": 3,
      "change_message": ""
    }
  },
  {
    "model": "admin.logentry",
    "pk": 53,
    "fields": {
      "action_time": "2023-10-16T17:29:25.748Z",
      "user": 1,
      "content_type": 10,
      "object_id": "5",
      "object_repr": "Order: 5",
      "action_flag": 3,
      "change_message": ""
    }
  },
  {
    "model": "admin.logentry",
    "pk": 54,
    "fields": {
      "action_time": "2023-10-16T17:29:25.756Z",
      "user": 1,
      "content_type": 10,
      "object_id": "4",
      "object_repr": "Order: 4",
      "action_flag": 3,
      "change_message": ""
    }
  },
  {
    "model": "admin.logentry",
    "pk": 55,
    "fields": {
      "action_time": "2023-10-16T17:29:25.763Z",
      "user": 1,
      "content_type": 10,
      "object_id": "3",
      "object_repr": "Order: 3",
      "action_flag": 3,
      "change_message": ""
    }
  },
  {
    "model": "admin.logentry",
    "pk": 56,
    "fields": {
      "action_time": "2023-10-16T17:29:25.769Z",
      "user": 1,
      "content_type": 10,
      "object_id": "2",
      "object_repr": "Order: 2",
      "action_flag": 3,
      "change_message": ""
    }
  },
  {
    "model": "admin.logentry",
    "pk": 57,
    "fields": {
      "action_time": "2023-10-16T17:29:25.775Z",
      "user": 1,
      "content_type": 10,
      "object_id": "1",
      "object_repr": "Order: 1",
      "action_flag": 3,
      "change_message": ""
    }
  },
  {
    "model": "admin.logentry",
    "pk": 58,
    "fields": {
      "action_time": "2024-05-07T18:49:38.505Z",
      "user": 1,
      "content_type": 7,
      "object_id": "1",
      "object_repr": "MoMo",
      "action_flag": 2,
      "change_message": "[{\"changed\": {\"fields\": [\"Image2\", \"Image3\"]}}]"
    }
  },
  {
    "model": "admin.logentry",
    "pk": 59,
    "fields": {
      "action_time": "2024-05-08T05:01:10.585Z",
      "user": 1,
      "content_type": 14,
      "object_id": "1",
      "object_repr": "Activity object (1)",
      "action_flag": 1,
      "change_message": "[{\"added\": {}}]"
    }
  },
  {
    "model": "admin.logentry",
    "pk": 60,
    "fields": {
      "action_time": "2024-05-08T05:01:16.582Z",
      "user": 1,
      "content_type": 14,
      "object_id": "2",
      "object_repr": "Activity object (2)",
      "action_flag": 1,
      "change_message": "[{\"added\": {}}]"
    }
  },
  {
    "model": "admin.logentry",
    "pk": 61,
    "fields": {
      "action_time": "2024-05-08T05:01:26.725Z",
      "user": 1,
      "content_type": 14,
      "object_id": "3",
      "object_repr": "Activity object (3)",
      "action_flag": 1,
      "change_message": "[{\"added\": {}}]"
    }
  },
  {
    "model": "admin.logentry",
    "pk": 62,
    "fields": {
      "action_time": "2024-05-08T05:06:31.482Z",
      "user": 1,
      "content_type": 15,
      "object_id": "1",
      "object_repr": "Black Diamond",
      "action_flag": 1,
      "change_message": "[{\"added\": {}}]"
    }
  },
  {
    "model": "admin.logentry",
    "pk": 63,
    "fields": {
      "action_time": "2024-05-08T05:07:18.097Z",
      "user": 1,
      "content_type": 15,
      "object_id": "2",
      "object_repr": "King Camp",
      "action_flag": 1,
      "change_message": "[{\"added\": {}}]"
    }
  },
  {
    "model": "admin.logentry",
    "pk": 64,
    "fields": {
      "action_time": "2024-05-08T05:08:21.451Z",
      "user": 1,
      "content_type": 15,
      "object_id": "3",
      "object_repr": "Sherpa Adventure Gear",
      "action_flag": 1,
      "change_message": "[{\"added\": {}}]"
    }
  },
  {
    "model": "admin.logentry",
    "pk": 65,
    "fields": {
      "action_time": "2024-05-08T05:09:03.700Z",
      "user": 1,
      "content_type": 15,
      "object_id": "4",
      "object_repr": "Cocoon",
      "action_flag": 1,
      "change_message": "[{\"added\": {}}]"
    }
  },
  {
    "model": "admin.logentry",
    "pk": 66,
    "fields": {
      "action_time": "2024-05-08T05:11:37.672Z",
      "user": 1,
      "content_type": 14,
      "object_id": "3",
      "object_repr": "Camp",
      "action_flag": 2,
      "change_message": "[{\"changed\": {\"fields\": [\"Image\"]}}]"
    }
  },
  {
    "model": "admin.logentry",
    "pk": 67,
    "fields": {
      "action_time": "2024-05-08T05:11:46.084Z",
      "user": 1,
      "content_type": 14,
      "object_id": "2",
      "object_repr": "Climb",
      "action_flag": 2,
      "change_message": "[{\"changed\": {\"fields\": [\"Image\"]}}]"
    }
  },
  {
    "model": "admin.logentry",
    "pk": 68,
    "fields": {
      "action_time": "2024-05-08T05:11:59.776Z",
      "user": 1,
      "content_type": 14,
      "object_id": "1",
      "object_repr": "Trek",
      "action_flag": 2,
      "change_message": "[{\"changed\": {\"fields\": [\"Image\"]}}]"
    }
  },
  {
    "model": "admin.logentry",
    "pk": 69,
    "fields": {
      "action_time": "2024-05-08T05:13:40.085Z",
      "user": 1,
      "content_type": 13,
      "object_id": "1",
      "object_repr": "Bagpack",
      "action_flag": 1,
      "change_message": "[{\"added\": {}}]"
    }
  },
  {
    "model": "admin.logentry",
    "pk": 70,
    "fields": {
      "action_time": "2024-05-08T05:13:52.410Z",
      "user": 1,
      "content_type": 13,
      "object_id": "2",
      "object_repr": "Camp Furniture",
      "action_flag": 1,
      "change_message": "[{\"added\": {}}]"
    }
  },
  {
    "model": "admin.logentry",
    "pk": 71,
    "fields": {
      "action_time": "2024-05-08T05:14:43.547Z",
      "user": 1,
      "content_type": 13,
      "object_id": "3",
      "object_repr": "Camp Kitchen",
      "action_flag": 1,
      "change_message": "[{\"added\": {}}]"
    }
  },
  {
    "model": "admin.logentry",
    "pk": 72,
    "fields": {
      "action_time": "2024-05-08T05:15:09.324Z",
      "user": 1,
      "content_type": 13,
      "object_id": "4",
      "object_repr": "Cap & Headwear",
      "action_flag": 1,
      "change_message": "[{\"added\": {}}]"
    }
  },
  {
    "model": "admin.logentry",
    "pk": 73,
    "fields": {
      "action_time": "2024-05-08T05:16:13.113Z",
      "user": 1,
      "content_type": 13,
      "object_id": "5",
      "object_repr": "Climbing Equipment",
      "action_flag": 1,
      "change_message": "[{\"added\": {}}]"
    }
  },
  {
    "model": "admin.logentry",
    "pk": 74,
    "fields": {
      "action_time": "2024-05-08T05:16:32.164Z",
      "user": 1,
      "content_type": 13,
      "object_id": "6",
      "object_repr": "Eyewear",
      "action_flag": 1,
      "change_message": "[{\"added\": {}}]"
    }
  },
  {
    "model": "admin.logentry",
    "pk": 75,
    "fields": {
      "action_time": "2024-05-08T05:16:41.521Z",
      "user": 1,
      "content_type": 13,
      "object_id": "7",
      "object_repr": "Footware",
      "action_flag": 1,
      "change_message": "[{\"added\": {}}]"
    }
  },
  {
    "model": "admin.logentry",
    "pk": 76,
    "fields": {
      "action_time": "2024-05-08T05:34:21.354Z",
      "user": 1,
      "content_type": 13,
      "object_id": "8",
      "object_repr": "Trekking Poles",
      "action_flag": 1,
      "change_message": "[{\"added\": {}}]"
    }
  },
  {
    "model": "admin.logentry",
    "pk": 77,
    "fields": {
      "action_time": "2024-05-08T05:34:39.157Z",
      "user": 1,
      "content_type": 12,
      "object_id": "1",
      "object_repr": "Pursuit Shock Trekking Poles",
      "action_flag": 1,
      "change_message": "[{\"added\": {}}]"
    }
  },
  {
    "model": "admin.logentry",
    "pk": 78,
    "fields": {
      "action_time": "2024-05-08T05:38:08.822Z",
      "user": 1,
      "content_type": 12,
      "object_id": "2",
      "object_repr": "Access Spike Traction Device (Mini Crampons)",
      "action_flag": 1,
      "change_message": "[{\"added\": {}}]"
    }
  },
  {
    "model": "admin.logentry",
    "pk": 79,
    "fields": {
      "action_time": "2024-05-08T05:41:20.556Z",
      "user": 1,
      "content_type": 12,
      "object_id": "2",
      "object_repr": "Access Spike Traction Device (Mini Crampons)",
      "action_flag": 2,
      "change_message": "[{\"changed\": {\"fields\": [\"Description\"]}}]"
    }
  },
  {
    "model": "admin.logentry",
    "pk": 80,
    "fields": {
      "action_time": "2024-05-08T05:42:39.774Z",
      "user": 1,
      "content_type": 12,
      "object_id": "1",
      "object_repr": "Pursuit Shock Trekking Poles",
      "action_flag": 2,
      "change_message": "[{\"changed\": {\"fields\": [\"Description\"]}}]"
    }
  },
  {
    "model": "admin.logentry",
    "pk": 81,
    "fields": {
      "action_time": "2024-05-08T05:48:45.248Z",
      "user": 1,
      "content_type": 13,
      "object_id": "9",
      "object_repr": "Clothing",
      "action_flag": 1,
      "change_message": "[{\"added\": {}}]"
    }
  },
  {
    "model": "admin.logentry",
    "pk": 82,
    "fields": {
      "action_time": "2024-05-08T05:48:48.249Z",
      "user": 1,
      "content_type": 12,
      "object_id": "3",
      "object_repr": "Mens Valley Shorts",
      "action_flag": 1,
      "change_message": "[{\"added\": {}}]"
    }
  },
  {
    "model": "admin.logentry",
    "pk": 83,
    "fields": {
      "action_time": "2024-05-08T13:00:03.068Z",
      "user": 1,
      "content_type": 12,
      "object_id": "3",
      "object_repr": "Mens Valley Shorts",
      "action_flag": 2,
      "change_message": "[{\"changed\": {\"fields\": [\"Image\", \"Image2\", \"Image3\"]}}]"
    }
  },
  {
    "model": "admin.logentry",
    "pk": 84,
    "fields": {
      "action_time": "2024-05-08T23:50:43.825Z",
      "user": 1,
      "content_type": 12,
      "object_id": "4",
      "object_repr": "Sabertooh Crampons",
      "action_flag": 1,
      "change_message": "[{\"added\": {}}]"
    }
  },
  {
    "model": "admin.logentry",
    "pk": 85,
    "fields": {
      "action_time": "2024-05-09T04:59:58.399Z",
      "user": 1,
      "content_type": 9,
      "object_id": "5",
      "object_repr": "Sekuwa Kebab",
      "action_flag": 3,
      "change_message": ""
    }
  },
  {
    "model": "admin.logentry",
    "pk": 86,
    "fields": {
      "action_time": "2024-05-09T05:41:12.049Z",
      "user": 1,
      "content_type": 15,
      "object_id": "5",
      "object_repr": "Buff",
      "action_flag": 1,
      "change_message": "[{\"added\": {}}]"
    }
  },
  {
    "model": "admin.logentry",
    "pk": 87,
    "fields": {
      "action_time": "2024-05-09T05:42:36.044Z",
      "user": 1,
      "content_type": 12,
      "object_id": "5",
      "object_repr": "National Geographic Temple Buff",
      "action_flag": 1,
      "change_message": "[{\"added\": {}}]"
    }
  },
  {
    "model": "admin.logentry",
    "pk": 88,
    "fields": {
      "action_time": "2024-05-09T05:47:46.150Z",
      "user": 1,
      "content_type": 13,
      "object_id": "10",
      "object_repr": "HEADLAMPS AND LANTERN",
      "action_flag": 1,
      "change_message": "[{\"added\": {}}]"
    }
  },
  {
    "model": "admin.logentry",
    "pk": 89,
    "fields": {
      "action_time": "2024-05-09T05:51:14.882Z",
      "user": 1,
      "content_type": 12,
      "object_id": "6",
      "object_repr": "Distance 1500 Headlamp",
      "action_flag": 1,
      "change_message": "[{\"added\": {}}]"
    }
  },
  {
    "model": "admin.logentry",
    "pk": 90,
    "fields": {
      "action_time": "2024-05-09T05:51:18.994Z",
      "user": 1,
      "content_type": 12,
      "object_id": "6",
      "object_repr": "Distance 1500 Headlamp",
      "action_flag": 2,
      "change_message": "[]"
    }
  },
  {
    "model": "admin.logentry",
    "pk": 91,
    "fields": {
      "action_time": "2024-05-09T05:53:44.129Z",
      "user": 1,
      "content_type": 12,
      "object_id": "7",
      "object_repr": "Light House 250 Lantern",
      "action_flag": 1,
      "change_message": "[{\"added\": {}}]"
    }
  },
  {
    "model": "admin.logentry",
    "pk": 92,
    "fields": {
      "action_time": "2024-05-09T06:02:24.792Z",
      "user": 1,
      "content_type": 16,
      "object_id": "1",
      "object_repr": "Mens Valley Shorts",
      "action_flag": 1,
      "change_message": "[{\"added\": {}}]"
    }
  },
  {
    "model": "admin.logentry",
    "pk": 93,
    "fields": {
      "action_time": "2024-05-09T06:02:30.669Z",
      "user": 1,
      "content_type": 16,
      "object_id": "2",
      "object_repr": "National Geographic Temple Buff",
      "action_flag": 1,
      "change_message": "[{\"added\": {}}]"
    }
  },
  {
    "model": "admin.logentry",
    "pk": 94,
    "fields": {
      "action_time": "2024-05-09T06:02:35.600Z",
      "user": 1,
      "content_type": 16,
      "object_id": "3",
      "object_repr": "Light House 250 Lantern",
      "action_flag": 1,
      "change_message": "[{\"added\": {}}]"
    }
  },
  {
    "model": "admin.logentry",
    "pk": 95,
    "fields": {
      "action_time": "2024-05-09T06:02:48.409Z",
      "user": 1,
      "content_type": 12,
      "object_id": "8",
      "object_repr": "Mission 75",
      "action_flag": 1,
      "change_message": "[{\"added\": {}}]"
    }
  },
  {
    "model": "admin.logentry",
    "pk": 96,
    "fields": {
      "action_time": "2024-05-09T06:03:00.423Z",
      "user": 1,
      "content_type": 16,
      "object_id": "4",
      "object_repr": "National Geographic Temple Buff",
      "action_flag": 1,
      "change_message": "[{\"added\": {}}]"
    }
  },
  {
    "model": "admin.logentry",
    "pk": 97,
    "fields": {
      "action_time": "2024-05-09T06:03:09.299Z",
      "user": 1,
      "content_type": 16,
      "object_id": "4",
      "object_repr": "National Geographic Temple Buff",
      "action_flag": 3,
      "change_message": ""
    }
  },
  {
    "model": "admin.logentry",
    "pk": 98,
    "fields": {
      "action_time": "2024-05-09T06:03:16.832Z",
      "user": 1,
      "content_type": 16,
      "object_id": "5",
      "object_repr": "Mens Valley Shorts",
      "action_flag": 1,
      "change_message": "[{\"added\": {}}]"
    }
  },
  {
    "model": "admin.logentry",
    "pk": 99,
    "fields": {
      "action_time": "2024-05-09T06:03:23.350Z",
      "user": 1,
      "content_type": 16,
      "object_id": "5",
      "object_repr": "Mens Valley Shorts",
      "action_flag": 3,
      "change_message": ""
    }
  },
  {
    "model": "admin.logentry",
    "pk": 100,
    "fields": {
      "action_time": "2024-05-09T06:04:59.043Z",
      "user": 1,
      "content_type": 12,
      "object_id": "9",
      "object_repr": "Durabag Pro",
      "action_flag": 1,
      "change_message": "[{\"added\": {}}]"
    }
  },
  {
    "model": "admin.logentry",
    "pk": 101,
    "fields": {
      "action_time": "2024-05-09T06:08:52.831Z",
      "user": 1,
      "content_type": 12,
      "object_id": "10",
      "object_repr": "Yatra Adventure Pack",
      "action_flag": 1,
      "change_message": "[{\"added\": {}}]"
    }
  },
  {
    "model": "admin.logentry",
    "pk": 102,
    "fields": {
      "action_time": "2024-05-09T06:14:16.835Z",
      "user": 1,
      "content_type": 12,
      "object_id": "11",
      "object_repr": "Transporter 65L",
      "action_flag": 1,
      "change_message": "[{\"added\": {}}]"
    }
  },
  {
    "model": "admin.logentry",
    "pk": 103,
    "fields": {
      "action_time": "2024-05-09T06:16:03.723Z",
      "user": 1,
      "content_type": 12,
      "object_id": "12",
      "object_repr": "FT08 Aluminium Alloy Folding Table",
      "action_flag": 1,
      "change_message": "[{\"added\": {}}]"
    }
  },
  {
    "model": "admin.logentry",
    "pk": 104,
    "fields": {
      "action_time": "2024-05-09T06:18:10.311Z",
      "user": 1,
      "content_type": 12,
      "object_id": "13",
      "object_repr": "Naturehike MW02 outdoor folding chair",
      "action_flag": 1,
      "change_message": "[{\"added\": {}}]"
    }
  },
  {
    "model": "admin.logentry",
    "pk": 105,
    "fields": {
      "action_time": "2024-05-09T06:20:27.184Z",
      "user": 1,
      "content_type": 12,
      "object_id": "14",
      "object_repr": "Monodome 3 person Tent",
      "action_flag": 1,
      "change_message": "[{\"added\": {}}]"
    }
  },
  {
    "model": "admin.logentry",
    "pk": 106,
    "fields": {
      "action_time": "2024-05-09T06:22:09.221Z",
      "user": 1,
      "content_type": 12,
      "object_id": "15",
      "object_repr": "Canvas Hammock",
      "action_flag": 1,
      "change_message": "[{\"added\": {}}]"
    }
  },
  {
    "model": "admin.logentry",
    "pk": 107,
    "fields": {
      "action_time": "2024-05-09T06:26:05.655Z",
      "user": 1,
      "content_type": 12,
      "object_id": "10",
      "object_repr": "Yatra Adventure Pack",
      "action_flag": 2,
      "change_message": "[{\"changed\": {\"fields\": [\"Image\", \"Image2\"]}}]"
    }
  },
  {
    "model": "admin.logentry",
    "pk": 108,
    "fields": {
      "action_time": "2024-05-09T06:29:20.938Z",
      "user": 1,
      "content_type": 12,
      "object_id": "16",
      "object_repr": "NatureHike 4 pcs Camping Cooking Set Pots",
      "action_flag": 1,
      "change_message": "[{\"added\": {}}]"
    }
  },
  {
    "model": "admin.logentry",
    "pk": 109,
    "fields": {
      "action_time": "2024-05-09T06:31:27.119Z",
      "user": 1,
      "content_type": 12,
      "object_id": "17",
      "object_repr": "Basic Cooking Stove",
      "action_flag": 1,
      "change_message": "[{\"added\": {}}]"
    }
  },
  {
    "model": "admin.logentry",
    "pk": 110,
    "fields": {
      "action_time": "2024-05-09T06:33:53.925Z",
      "user": 1,
      "content_type": 12,
      "object_id": "18",
      "object_repr": "Extendable Spoon",
      "action_flag": 1,
      "change_message": "[{\"added\": {}}]"
    }
  },
  {
    "model": "admin.logentry",
    "pk": 111,
    "fields": {
      "action_time": "2024-05-09T06:36:39.486Z",
      "user": 1,
      "content_type": 12,
      "object_id": "19",
      "object_repr": "Icebreaker Cool Lite Merino Flexi Chute",
      "action_flag": 1,
      "change_message": "[{\"added\": {}}]"
    }
  },
  {
    "model": "admin.logentry",
    "pk": 112,
    "fields": {
      "action_time": "2024-05-09T06:38:11.833Z",
      "user": 1,
      "content_type": 12,
      "object_id": "20",
      "object_repr": "Flat Bill Trucker Hat",
      "action_flag": 1,
      "change_message": "[{\"added\": {}}]"
    }
  },
  {
    "model": "admin.logentry",
    "pk": 113,
    "fields": {
      "action_time": "2024-05-09T06:39:16.899Z",
      "user": 1,
      "content_type": 12,
      "object_id": "21",
      "object_repr": "Kessler Beanie",
      "action_flag": 1,
      "change_message": "[{\"added\": {}}]"
    }
  },
  {
    "model": "admin.logentry",
    "pk": 114,
    "fields": {
      "action_time": "2024-05-09T06:41:59.338Z",
      "user": 1,
      "content_type": 12,
      "object_id": "22",
      "object_repr": "Explorer 2.0 Spectron 4",
      "action_flag": 1,
      "change_message": "[{\"added\": {}}]"
    }
  },
  {
    "model": "admin.logentry",
    "pk": 115,
    "fields": {
      "action_time": "2024-05-09T06:43:37.965Z",
      "user": 1,
      "content_type": 12,
      "object_id": "23",
      "object_repr": "Kumacross 2.0",
      "action_flag": 1,
      "change_message": "[{\"added\": {}}]"
    }
  },
  {
    "model": "admin.logentry",
    "pk": 116,
    "fields": {
      "action_time": "2024-05-09T06:45:52.202Z",
      "user": 1,
      "content_type": 12,
      "object_id": "24",
      "object_repr": "TXS Gtx Hiking Shoes",
      "action_flag": 1,
      "change_message": "[{\"added\": {}}]"
    }
  },
  {
    "model": "admin.logentry",
    "pk": 117,
    "fields": {
      "action_time": "2024-05-09T06:48:02.897Z",
      "user": 1,
      "content_type": 12,
      "object_id": "25",
      "object_repr": "Womens PHD OD Medium Pattern Crew",
      "action_flag": 1,
      "change_message": "[{\"added\": {}}]"
    }
  },
  {
    "model": "admin.logentry",
    "pk": 118,
    "fields": {
      "action_time": "2024-05-09T06:50:44.264Z",
      "user": 1,
      "content_type": 12,
      "object_id": "26",
      "object_repr": "Down Sock",
      "action_flag": 1,
      "change_message": "[{\"added\": {}}]"
    }
  },
  {
    "model": "admin.logentry",
    "pk": 119,
    "fields": {
      "action_time": "2024-05-09T06:53:41.657Z",
      "user": 1,
      "content_type": 12,
      "object_id": "27",
      "object_repr": "Transition Glove",
      "action_flag": 1,
      "change_message": "[{\"added\": {}}]"
    }
  },
  {
    "model": "admin.logentry",
    "pk": 120,
    "fields": {
      "action_time": "2024-05-09T06:55:39.495Z",
      "user": 1,
      "content_type": 12,
      "object_id": "28",
      "object_repr": "Trail Back Trek Poles",
      "action_flag": 1,
      "change_message": "[{\"added\": {}}]"
    }
  },
  {
    "model": "admin.logentry",
    "pk": 121,
    "fields": {
      "action_time": "2024-05-09T08:11:09.782Z",
      "user": 1,
      "content_type": 8,
      "object_id": "26",
      "object_repr": "Cart object (26)",
      "action_flag": 3,
      "change_message": ""
    }
  },
  {
    "model": "admin.logentry",
    "pk": 122,
    "fields": {
      "action_time": "2024-05-09T08:11:09.801Z",
      "user": 1,
      "content_type": 8,
      "object_id": "25",
      "object_repr": "Cart object (25)",
      "action_flag": 3,
      "change_message": ""
    }
  },
  {
    "model": "admin.logentry",
    "pk": 123,
    "fields": {
      "action_time": "2024-05-09T08:11:09.819Z",
      "user": 1,
      "content_type": 8,
      "object_id": "24",
      "object_repr": "Cart object (24)",
      "action_flag": 3,
      "change_message": ""
    }
  },
  {
    "model": "admin.logentry",
    "pk": 124,
    "fields": {
      "action_time": "2024-05-09T08:11:09.838Z",
      "user": 1,
      "content_type": 8,
      "object_id": "23",
      "object_repr": "Cart object (23)",
      "action_flag": 3,
      "change_message": ""
    }
  },
  {
    "model": "admin.logentry",
    "pk": 125,
    "fields": {
      "action_time": "2024-05-09T08:11:09.857Z",
      "user": 1,
      "content_type": 8,
      "object_id": "22",
      "object_repr": "Cart object (22)",
      "action_flag": 3,
      "change_message": ""
    }
  },
  {
    "model": "admin.logentry",
    "pk": 126,
    "fields": {
      "action_time": "2024-05-09T08:11:09.876Z",
      "user": 1,
      "content_type": 8,
      "object_id": "21",
      "object_repr": "Cart object (21)",
      "action_flag": 3,
      "change_message": ""
    }
  },
  {
    "model": "admin.logentry",
    "pk": 127,
    "fields": {
      "action_time": "2024-05-09T08:11:09.894Z",
      "user": 1,
      "content_type": 8,
      "object_id": "20",
      "object_repr": "Cart object (20)",
      "action_flag": 3,
      "change_message": ""
    }
  },
  {
    "model": "admin.logentry",
    "pk": 128,
    "fields": {
      "action_time": "2024-05-09T08:11:09.914Z",
      "user": 1,
      "content_type": 8,
      "object_id": "19",
      "object_repr": "Cart object (19)",
      "action_flag": 3,
      "change_message": ""
    }
  },
  {
    "model": "admin.logentry",
    "pk": 129,
    "fields": {
      "action_time": "2024-05-09T08:11:09.932Z",
      "user": 1,
      "content_type": 8,
      "object_id": "18",
      "object_repr": "Cart object (18)",
      "action_flag": 3,
      "change_message": ""
    }
  },
  {
    "model": "admin.logentry",
    "pk": 130,
    "fields": {
      "action_time": "2024-05-09T08:11:09.949Z",
      "user": 1,
      "content_type": 8,
      "object_id": "17",
      "object_repr": "Cart object (17)",
      "action_flag": 3,
      "change_message": ""
    }
  },
  {
    "model": "admin.logentry",
    "pk": 131,
    "fields": {
      "action_time": "2024-05-09T08:11:09.966Z",
      "user": 1,
      "content_type": 8,
      "object_id": "16",
      "object_repr": "Cart object (16)",
      "action_flag": 3,
      "change_message": ""
    }
  },
  {
    "model": "admin.logentry",
    "pk": 132,
    "fields": {
      "action_time": "2024-05-09T08:11:09.986Z",
      "user": 1,
      "content_type": 8,
      "object_id": "15",
      "object_repr": "Cart object (15)",
      "action_flag": 3,
      "change_message": ""
    }
  },
  {
    "model": "admin.logentry",
    "pk": 133,
    "fields": {
      "action_time": "2024-05-09T08:11:10.004Z",
      "user": 1,
      "content_type": 8,
      "object_id": "14",
      "object_repr": "Cart object (14)",
      "action_flag": 3,
      "change_message": ""
    }
  },
  {
    "model": "admin.logentry",
    "pk": 134,
    "fields": {
      "action_time": "2024-05-09T08:11:10.021Z",
      "user": 1,
      "content_type": 8,
      "object_id": "13",
      "object_repr": "Cart object (13)",
      "action_flag": 3,
      "change_message": ""
    }
  },
  {
    "model": "admin.logentry",
    "pk": 135,
    "fields": {
      "action_time": "2024-05-09T08:11:10.039Z",
      "user": 1,
      "content_type": 8,
      "object_id": "12",
      "object_repr": "Cart object (12)",
      "action_flag": 3,
      "change_message": ""
    }
  },
  {
    "model": "admin.logentry",
    "pk": 136,
    "fields": {
      "action_time": "2024-05-09T08:11:10.056Z",
      "user": 1,
      "content_type": 8,
      "object_id": "11",
      "object_repr": "Cart object (11)",
      "action_flag": 3,
      "change_message": ""
    }
  },
  {
    "model": "admin.logentry",
    "pk": 137,
    "fields": {
      "action_time": "2024-05-09T08:11:10.074Z",
      "user": 1,
      "content_type": 8,
      "object_id": "10",
      "object_repr": "Cart object (10)",
      "action_flag": 3,
      "change_message": ""
    }
  },
  {
    "model": "admin.logentry",
    "pk": 138,
    "fields": {
      "action_time": "2024-05-09T08:11:10.091Z",
      "user": 1,
      "content_type": 8,
      "object_id": "9",
      "object_repr": "Cart object (9)",
      "action_flag": 3,
      "change_message": ""
    }
  },
  {
    "model": "admin.logentry",
    "pk": 139,
    "fields": {
      "action_time": "2024-05-09T08:11:10.110Z",
      "user": 1,
      "content_type": 8,
      "object_id": "8",
      "object_repr": "Cart object (8)",
      "action_flag": 3,
      "change_message": ""
    }
  },
  {
    "model": "admin.logentry",
    "pk": 140,
    "fields": {
      "action_time": "2024-05-09T08:11:10.128Z",
      "user": 1,
      "content_type": 8,
      "object_id": "7",
      "object_repr": "Cart object (7)",
      "action_flag": 3,
      "change_message": ""
    }
  },
  {
    "model": "admin.logentry",
    "pk": 141,
    "fields": {
      "action_time": "2024-05-09T08:11:18.477Z",
      "user": 1,
      "content_type": 10,
      "object_id": "33",
      "object_repr": "Order: 33",
      "action_flag": 3,
      "change_message": ""
    }
  },
  {
    "model": "admin.logentry",
    "pk": 142,
    "fields": {
      "action_time": "2024-05-09T08:11:18.496Z",
      "user": 1,
      "content_type": 10,
      "object_id": "32",
      "object_repr": "Order: 32",
      "action_flag": 3,
      "change_message": ""
    }
  },
  {
    "model": "admin.logentry",
    "pk": 143,
    "fields": {
      "action_time": "2024-05-09T08:11:18.513Z",
      "user": 1,
      "content_type": 10,
      "object_id": "31",
      "object_repr": "Order: 31",
      "action_flag": 3,
      "change_message": ""
    }
  },
  {
    "model": "admin.logentry",
    "pk": 144,
    "fields": {
      "action_time": "2024-05-09T08:11:18.530Z",
      "user": 1,
      "content_type": 10,
      "object_id": "30",
      "object_repr": "Order: 30",
      "action_flag": 3,
      "change_message": ""
    }
  },
  {
    "model": "admin.logentry",
    "pk": 145,
    "fields": {
      "action_time": "2024-05-09T08:11:18.550Z",
      "user": 1,
      "content_type": 10,
      "object_id": "29",
      "object_repr": "Order: 29",
      "action_flag": 3,
      "change_message": ""
    }
  },
  {
    "model": "admin.logentry",
    "pk": 146,
    "fields": {
      "action_time": "2024-05-09T08:11:18.570Z",
      "user": 1,
      "content_type": 10,
      "object_id": "28",
      "object_repr": "Order: 28",
      "action_flag": 3,
      "change_message": ""
    }
  },
  {
    "model": "admin.logentry",
    "pk": 147,
    "fields": {
      "action_time": "2024-05-09T08:11:18.588Z",
      "user": 1,
      "content_type": 10,
      "object_id": "27",
      "object_repr": "Order: 27",
      "action_flag": 3,
      "change_message": ""
    }
  },
  {
    "model": "admin.logentry",
    "pk": 148,
    "fields": {
      "action_time": "2024-05-09T08:11:18.607Z",
      "user": 1,
      "content_type": 10,
      "object_id": "26",
      "object_repr": "Order: 26",
      "action_flag": 3,
      "change_message": ""
    }
  },
  {
    "model": "admin.logentry",
    "pk": 149,
    "fields": {
      "action_time": "2024-05-09T08:11:18.625Z",
      "user": 1,
      "content_type": 10,
      "object_id": "25",
      "object_repr": "Order: 25",
      "action_flag": 3,
      "change_message": ""
    }
  },
  {
    "model": "admin.logentry",
    "pk": 150,
    "fields": {
      "action_time": "2024-05-09T08:11:18.644Z",
      "user": 1,
      "content_type": 10,
      "object_id": "24",
      "object_repr": "Order: 24",
      "action_flag": 3,
      "change_message": ""
    }
  },
  {
    "model": "admin.logentry",
    "pk": 151,
    "fields": {
      "action_time": "2024-05-09T08:11:18.661Z",
      "user": 1,
      "content_type": 10,
      "object_id": "23",
      "object_repr": "Order: 23",
      "action_flag": 3,
      "change_message": ""
    }
  },
  {
    "model": "admin.logentry",
    "pk": 152,
    "fields": {
      "action_time": "2024-05-09T08:11:18.679Z",
      "user": 1,
      "content_type": 10,
      "object_id": "22",
      "object_repr": "Order: 22",
      "action_flag": 3,
      "change_message": ""
    }
  },
  {
    "model": "admin.logentry",
    "pk": 153,
    "fields": {
      "action_time": "2024-05-09T08:11:18.698Z",
      "user": 1,
      "content_type": 10,
      "object_id": "21",
      "object_repr": "Order: 21",
      "action_flag": 3,
      "change_message": ""
    }
  },
  {
    "model": "admin.logentry",
    "pk": 154,
    "fields": {
      "action_time": "2024-05-09T08:11:18.717Z",
      "user": 1,
      "content_type": 10,
      "object_id": "20",
      "object_repr": "Order: 20",
      "action_flag": 3,
      "change_message": ""
    }
  },
  {
    "model": "admin.logentry",
    "pk": 155,
    "fields": {
      "action_time": "2024-05-09T08:11:18.736Z",
      "user": 1,
      "content_type": 10,
      "object_id": "19",
      "object_repr": "Order: 19",
      "action_flag": 3,
      "change_message": ""
    }
  },
  {
    "model": "admin.logentry",
    "pk": 156,
    "fields": {
      "action_time": "2024-05-09T08:11:18.753Z",
      "user": 1,
      "content_type": 10,
      "object_id": "18",
      "object_repr": "Order: 18",
      "action_flag": 3,
      "change_message": ""
    }
  },
  {
    "model": "admin.logentry",
    "pk": 157,
    "fields": {
      "action_time": "2024-05-09T08:11:18.772Z",
      "user": 1,
      "content_type": 10,
      "object_id": "17",
      "object_repr": "Order: 17",
      "action_flag": 3,
      "change_message": ""
    }
  },
  {
    "model": "admin.logentry",
    "pk": 158,
    "fields": {
      "action_time": "2024-05-09T08:11:18.789Z",
      "user": 1,
      "content_type": 10,
      "object_id": "16",
      "object_repr": "Order: 16",
      "action_flag": 3,
      "change_message": ""
    }
  },
  {
    "model": "admin.logentry",
    "pk": 159,
    "fields": {
      "action_time": "2024-05-09T08:11:18.807Z",
      "user": 1,
      "content_type": 10,
      "object_id": "15",
      "object_repr": "Order: 15",
      "action_flag": 3,
      "change_message": ""
    }
  },
  {
    "model": "admin.logentry",
    "pk": 160,
    "fields": {
      "action_time": "2024-05-09T08:11:18.826Z",
      "user": 1,
      "content_type": 10,
      "object_id": "14",
      "object_repr": "Order: 14",
      "action_flag": 3,
      "change_message": ""
    }
  },
  {
    "model": "admin.logentry",
    "pk": 161,
    "fields": {
      "action_time": "2024-05-09T08:11:18.851Z",
      "user": 1,
      "content_type": 10,
      "object_id": "13",
      "object_repr": "Order: 13",
      "action_flag": 3,
      "change_message": ""
    }
  },
  {
    "model": "admin.logentry",
    "pk": 162,
    "fields": {
      "action_time": "2024-05-09T08:11:18.872Z",
      "user": 1,
      "content_type": 10,
      "object_id": "12",
      "object_repr": "Order: 12",
      "action_flag": 3,
      "change_message": ""
    }
  },
  {
    "model": "admin.logentry",
    "pk": 163,
    "fields": {
      "action_time": "2024-05-09T08:11:18.892Z",
      "user": 1,
      "content_type": 10,
      "object_id": "11",
      "object_repr": "Order: 11",
      "action_flag": 3,
      "change_message": ""
    }
  },
  {
    "model": "admin.logentry",
    "pk": 164,
    "fields": {
      "action_time": "2024-05-09T08:11:18.916Z",
      "user": 1,
      "content_type": 10,
      "object_id": "10",
      "object_repr": "Order: 10",
      "action_flag": 3,
      "change_message": ""
    }
  },
  {
    "model": "admin.logentry",
    "pk": 165,
    "fields": {
      "action_time": "2024-05-09T08:11:18.942Z",
      "user": 1,
      "content_type": 10,
      "object_id": "9",
      "object_repr": "Order: 9",
      "action_flag": 3,
      "change_message": ""
    }
  },
  {
    "model": "admin.logentry",
    "pk": 166,
    "fields": {
      "action_time": "2024-05-09T08:11:18.961Z",
      "user": 1,
      "content_type": 10,
      "object_id": "8",
      "object_repr": "Order: 8",
      "action_flag": 3,
      "change_message": ""
    }
  },
  {
    "model": "admin.logentry",
    "pk": 167,
    "fields": {
      "action_time": "2024-05-09T08:11:18.979Z",
      "user": 1,
      "content_type": 10,
      "object_id": "7",
      "object_repr": "Order: 7",
      "action_flag": 3,
      "change_message": ""
    }
  },
  {
    "model": "admin.logentry",
    "pk": 168,
    "fields": {
      "action_time": "2024-05-09T08:11:18.999Z",
      "user": 1,
      "content_type": 10,
      "object_id": "6",
      "object_repr": "Order: 6",
      "action_flag": 3,
      "change_message": ""
    }
  },
  {
    "model": "admin.logentry",
    "pk": 169,
    "fields": {
      "action_time": "2024-05-09T08:11:19.019Z",
      "user": 1,
      "content_type": 10,
      "object_id": "5",
      "object_repr": "Order: 5",
      "action_flag": 3,
      "change_message": ""
    }
  },
  {
    "model": "admin.logentry",
    "pk": 170,
    "fields": {
      "action_time": "2024-05-09T08:11:19.040Z",
      "user": 1,
      "content_type": 10,
      "object_id": "4",
      "object_repr": "Order: 4",
      "action_flag": 3,
      "change_message": ""
    }
  },
  {
    "model": "admin.logentry",
    "pk": 171,
    "fields": {
      "action_time": "2024-05-09T08:11:19.057Z",
      "user": 1,
      "content_type": 10,
      "object_id": "3",
      "object_repr": "Order: 3",
      "action_flag": 3,
      "change_message": ""
    }
  },
  {
    "model": "admin.logentry",
    "pk": 172,
    "fields": {
      "action_time": "2024-05-09T08:11:19.076Z",
      "user": 1,
      "content_type": 10,
      "object_id": "2",
      "object_repr": "Order: 2",
      "action_flag": 3,
      "change_message": ""
    }
  },
  {
    "model": "admin.logentry",
    "pk": 173,
    "fields": {
      "action_time": "2024-05-09T08:11:19.097Z",
      "user": 1,
      "content_type": 10,
      "object_id": "1",
      "object_repr": "Order: 1",
      "action_flag": 3,
      "change_message": ""
    }
  },
  {
    "model": "admin.logentry",
    "pk": 174,
    "fields": {
      "action_time": "2024-05-09T16:32:19.829Z",
      "user": 1,
      "content_type": 10,
      "object_id": "39",
      "object_repr": "Order: 39",
      "action_flag": 3,
      "change_message": ""
    }
  },
  {
    "model": "admin.logentry",
    "pk": 175,
    "fields": {
      "action_time": "2024-05-09T16:32:19.847Z",
      "user": 1,
      "content_type": 10,
      "object_id": "38",
      "object_repr": "Order: 38",
      "action_flag": 3,
      "change_message": ""
    }
  },
  {
    "model": "admin.logentry",
    "pk": 176,
    "fields": {
      "action_time": "2024-05-09T16:32:19.868Z",
      "user": 1,
      "content_type": 10,
      "object_id": "37",
      "object_repr": "Order: 37",
      "action_flag": 3,
      "change_message": ""
    }
  },
  {
    "model": "admin.logentry",
    "pk": 177,
    "fields": {
      "action_time": "2024-05-09T16:32:19.886Z",
      "user": 1,
      "content_type": 10,
      "object_id": "36",
      "object_repr": "Order: 36",
      "action_flag": 3,
      "change_message": ""
    }
  },
  {
    "model": "admin.logentry",
    "pk": 178,
    "fields": {
      "action_time": "2024-05-09T16:32:19.905Z",
      "user": 1,
      "content_type": 10,
      "object_id": "35",
      "object_repr": "Order: 35",
      "action_flag": 3,
      "change_message": ""
    }
  },
  {
    "model": "admin.logentry",
    "pk": 179,
    "fields": {
      "action_time": "2024-05-09T16:32:19.924Z",
      "user": 1,
      "content_type": 10,
      "object_id": "34",
      "object_repr": "Order: 34",
      "action_flag": 3,
      "change_message": ""
    }
  },
  {
    "model": "admin.logentry",
    "pk": 180,
    "fields": {
      "action_time": "2024-05-09T16:33:52.645Z",
      "user": 1,
      "content_type": 8,
      "object_id": "30",
      "object_repr": "Cart object (30)",
      "action_flag": 3,
      "change_message": ""
    }
  },
  {
    "model": "admin.logentry",
    "pk": 181,
    "fields": {
      "action_time": "2024-05-09T16:33:52.666Z",
      "user": 1,
      "content_type": 8,
      "object_id": "29",
      "object_repr": "Cart object (29)",
      "action_flag": 3,
      "change_message": ""
    }
  },
  {
    "model": "admin.logentry",
    "pk": 182,
    "fields": {
      "action_time": "2024-05-09T16:33:52.684Z",
      "user": 1,
      "content_type": 8,
      "object_id": "28",
      "object_repr": "Cart object (28)",
      "action_flag": 3,
      "change_message": ""
    }
  },
  {
    "model": "admin.logentry",
    "pk": 183,
    "fields": {
      "action_time": "2024-05-09T16:33:52.704Z",
      "user": 1,
      "content_type": 8,
      "object_id": "27",
      "object_repr": "Cart object (27)",
      "action_flag": 3,
      "change_message": ""
    }
  },
  {
    "model": "admin.logentry",
    "pk": 184,
    "fields": {
      "action_time": "2024-05-09T17:40:37.626Z",
      "user": 1,
      "content_type": 4,
      "object_id": "7",
      "object_repr": "susant",
      "action_flag": 2,
      "change_message": "[{\"changed\": {\"fields\": [\"Staff status\"]}}]"
    }
  },
  {
    "model": "admin.logentry",
    "pk": 185,
    "fields": {
      "action_time": "2024-05-09T17:41:25.631Z",
      "user": 1,
      "content_type": 4,
      "object_id": "7",
      "object_repr": "susant",
      "action_flag": 2,
      "change_message": "[{\"changed\": {\"fields\": [\"User permissions\"]}}]"
    }
  },
  {
    "model": "admin.logentry",
    "pk": 186,
    "fields": {
      "action_time": "2024-05-09T22:13:34.011Z",
      "user": 1,
      "content_type": 4,
      "object_id": "1",
      "object_repr": "admin",
      "action_flag": 2,
      "change_message": "[{\"changed\": {\"fields\": [\"First name\", \"Last name\"]}}]"
    }
  },
  {
    "model": "admin.logentry",
    "pk": 187,
    "fields": {
      "action_time": "2024-05-09T22:19:29.703Z",
      "user": 1,
      "content_type": 4,
      "object_id": "7",
      "object_repr": "susant",
      "action_flag": 2,
      "change_message": "[{\"changed\": {\"fields\": [\"First name\", \"Last name\"]}}]"
    }
  },
  {
    "model": "admin.logentry",
    "pk": 188,
    "fields": {
      "action_time": "2024-05-09T22:48:54.681Z",
      "user": 1,
      "content_type": 10,
      "object_id": "42",
      "object_repr": "Order: 42",
      "action_flag": 2,
      "change_message": "[{\"changed\": {\"fields\": [\"Shipping address\", \"Mobile\", \"Email\", \"Order status\"]}}]"
    }
  },
  {
    "model": "admin.logentry",
    "pk": 189,
    "fields": {
      "action_time": "2024-05-10T02:44:13.524Z",
      "user": 1,
      "content_type": 16,
      "object_id": "4",
      "object_repr": "Kumacross 2.0",
      "action_flag": 1,
      "change_message": "[{\"added\": {}}]"
    }
  },
  {
    "model": "admin.logentry",
    "pk": 190,
    "fields": {
      "action_time": "2024-05-10T02:53:13.838Z",
      "user": 1,
      "content_type": 16,
      "object_id": "4",
      "object_repr": "Kumacross 2.0",
      "action_flag": 3,
      "change_message": ""
    }
  },
  {
    "model": "auth.permission",
    "pk": 1,
    "fields": {
      "name": "Can add log entry",
      "content_type": 1,
      "codename": "add_logentry"
    }
  },
  {
    "model": "auth.permission",
    "pk": 2,
    "fields": {
      "name": "Can change log entry",
      "content_type": 1,
      "codename": "change_logentry"
    }
  },
  {
    "model": "auth.permission",
    "pk": 3,
    "fields": {
      "name": "Can delete log entry",
      "content_type": 1,
      "codename": "delete_logentry"
    }
  },
  {
    "model": "auth.permission",
    "pk": 4,
    "fields": {
      "name": "Can view log entry",
      "content_type": 1,
      "codename": "view_logentry"
    }
  },
  {
    "model": "auth.permission",
    "pk": 5,
    "fields": {
      "name": "Can add permission",
      "content_type": 2,
      "codename": "add_permission"
    }
  },
  {
    "model": "auth.permission",
    "pk": 6,
    "fields": {
      "name": "Can change permission",
      "content_type": 2,
      "codename": "change_permission"
    }
  },
  {
    "model": "auth.permission",
    "pk": 7,
    "fields": {
      "name": "Can delete permission",
      "content_type": 2,
      "codename": "delete_permission"
    }
  },
  {
    "model": "auth.permission",
    "pk": 8,
    "fields": {
      "name": "Can view permission",
      "content_type": 2,
      "codename": "view_permission"
    }
  },
  {
    "model": "auth.permission",
    "pk": 9,
    "fields": {
      "name": "Can add group",
      "content_type": 3,
      "codename": "add_group"
    }
  },
  {
    "model": "auth.permission",
    "pk": 10,
    "fields": {
      "name": "Can change group",
      "content_type": 3,
      "codename": "change_group"
    }
  },
  {
    "model": "auth.permission",
    "pk": 11,
    "fields": {
      "name": "Can delete group",
      "content_type": 3,
      "codename": "delete_group"
    }
  },
  {
    "model": "auth.permission",
    "pk": 12,
    "fields": {
      "name": "Can view group",
      "content_type": 3,
      "codename": "view_group"
    }
  },
  {
    "model": "auth.permission",
    "pk": 13,
    "fields": {
      "name": "Can add user",
      "content_type": 4,
      "codename": "add_user"
    }
  },
  {
    "model": "auth.permission",
    "pk": 14,
    "fields": {
      "name": "Can change user",
      "content_type": 4,
      "codename": "change_user"
    }
  },
  {
    "model": "auth.permission",
    "pk": 15,
    "fields": {
      "name": "Can delete user",
      "content_type": 4,
      "codename": "delete_user"
    }
  },
  {
    "model": "auth.permission",
    "pk": 16,
    "fields": {
      "name": "Can view user",
      "content_type": 4,
      "codename": "view_user"
    }
  },
  {
    "model": "auth.permission",
    "pk": 17,
    "fields": {
      "name": "Can add content type",
      "content_type": 5,
      "codename": "add_contenttype"
    }
  },
  {
    "model": "auth.permission",
    "pk": 18,
    "fields": {
      "name": "Can change content type",
      "content_type": 5,
      "codename": "change_contenttype"
    }
  },
  {
    "model": "auth.permission",
    "pk": 19,
    "fields": {
      "name": "Can delete content type",
      "content_type": 5,
      "codename": "delete_contenttype"
    }
  },
  {
    "model": "auth.permission",
    "pk": 20,
    "fields": {
      "name": "Can view content type",
      "content_type": 5,
      "codename": "view_contenttype"
    }
  },
  {
    "model": "auth.permission",
    "pk": 21,
    "fields": {
      "name": "Can add session",
      "content_type": 6,
      "codename": "add_session"
    }
  },
  {
    "model": "auth.permission",
    "pk": 22,
    "fields": {
      "name": "Can change session",
      "content_type": 6,
      "codename": "change_session"
    }
  },
  {
    "model": "auth.permission",
    "pk": 23,
    "fields": {
      "name": "Can delete session",
      "content_type": 6,
      "codename": "delete_session"
    }
  },
  {
    "model": "auth.permission",
    "pk": 24,
    "fields": {
      "name": "Can view session",
      "content_type": 6,
      "codename": "view_session"
    }
  },
  {
    "model": "auth.permission",
    "pk": 25,
    "fields": {
      "name": "Can add food item",
      "content_type": 7,
      "codename": "add_fooditem"
    }
  },
  {
    "model": "auth.permission",
    "pk": 26,
    "fields": {
      "name": "Can change food item",
      "content_type": 7,
      "codename": "change_fooditem"
    }
  },
  {
    "model": "auth.permission",
    "pk": 27,
    "fields": {
      "name": "Can delete food item",
      "content_type": 7,
      "codename": "delete_fooditem"
    }
  },
  {
    "model": "auth.permission",
    "pk": 28,
    "fields": {
      "name": "Can view food item",
      "content_type": 7,
      "codename": "view_fooditem"
    }
  },
  {
    "model": "auth.permission",
    "pk": 29,
    "fields": {
      "name": "Can add cart",
      "content_type": 8,
      "codename": "add_cart"
    }
  },
  {
    "model": "auth.permission",
    "pk": 30,
    "fields": {
      "name": "Can change cart",
      "content_type": 8,
      "codename": "change_cart"
    }
  },
  {
    "model": "auth.permission",
    "pk": 31,
    "fields": {
      "name": "Can delete cart",
      "content_type": 8,
      "codename": "delete_cart"
    }
  },
  {
    "model": "auth.permission",
    "pk": 32,
    "fields": {
      "name": "Can view cart",
      "content_type": 8,
      "codename": "view_cart"
    }
  },
  {
    "model": "auth.permission",
    "pk": 33,
    "fields": {
      "name": "Can add feature product",
      "content_type": 9,
      "codename": "add_featureproduct"
    }
  },
  {
    "model": "auth.permission",
    "pk": 34,
    "fields": {
      "name": "Can change feature product",
      "content_type": 9,
      "codename": "change_featureproduct"
    }
  },
  {
    "model": "auth.permission",
    "pk": 35,
    "fields": {
      "name": "Can delete feature product",
      "content_type": 9,
      "codename": "delete_featureproduct"
    }
  },
  {
    "model": "auth.permission",
    "pk": 36,
    "fields": {
      "name": "Can view feature product",
      "content_type": 9,
      "codename": "view_featureproduct"
    }
  },
  {
    "model": "auth.permission",
    "pk": 37,
    "fields": {
      "name": "Can add order",
      "content_type": 10,
      "codename": "add_order"
    }
  },
  {
    "model": "auth.permission",
    "pk": 38,
    "fields": {
      "name": "Can change order",
      "content_type": 10,
      "codename": "change_order"
    }
  },
  {
    "model": "auth.permission",
    "pk": 39,
    "fields": {
      "name": "Can delete order",
      "content_type": 10,
      "codename": "delete_order"
    }
  },
  {
    "model": "auth.permission",
    "pk": 40,
    "fields": {
      "name": "Can view order",
      "content_type": 10,
      "codename": "view_order"
    }
  },
  {
    "model": "auth.permission",
    "pk": 41,
    "fields": {
      "name": "Can add contact",
      "content_type": 11,
      "codename": "add_contact"
    }
  },
  {
    "model": "auth.permission",
    "pk": 42,
    "fields": {
      "name": "Can change contact",
      "content_type": 11,
      "codename": "change_contact"
    }
  },
  {
    "model": "auth.permission",
    "pk": 43,
    "fields": {
      "name": "Can delete contact",
      "content_type": 11,
      "codename": "delete_contact"
    }
  },
  {
    "model": "auth.permission",
    "pk": 44,
    "fields": {
      "name": "Can view contact",
      "content_type": 11,
      "codename": "view_contact"
    }
  },
  {
    "model": "auth.permission",
    "pk": 45,
    "fields": {
      "name": "Can add product",
      "content_type": 12,
      "codename": "add_product"
    }
  },
  {
    "model": "auth.permission",
    "pk": 46,
    "fields": {
      "name": "Can change product",
      "content_type": 12,
      "codename": "change_product"
    }
  },
  {
    "model": "auth.permission",
    "pk": 47,
    "fields": {
      "name": "Can delete product",
      "content_type": 12,
      "codename": "delete_product"
    }
  },
  {
    "model": "auth.permission",
    "pk": 48,
    "fields": {
      "name": "Can view product",
      "content_type": 12,
      "codename": "view_product"
    }
  },
  {
    "model": "auth.permission",
    "pk": 49,
    "fields": {
      "name": "Can add category",
      "content_type": 13,
      "codename": "add_category"
    }
  },
  {
    "model": "auth.permission",
    "pk": 50,
    "fields": {
      "name": "Can change category",
      "content_type": 13,
      "codename": "change_category"
    }
  },
  {
    "model": "auth.permission",
    "pk": 51,
    "fields": {
      "name": "Can delete category",
      "content_type": 13,
      "codename": "delete_category"
    }
  },
  {
    "model": "auth.permission",
    "pk": 52,
    "fields": {
      "name": "Can view category",
      "content_type": 13,
      "codename": "view_category"
    }
  },
  {
    "model": "auth.permission",
    "pk": 53,
    "fields": {
      "name": "Can add activity",
      "content_type": 14,
      "codename": "add_activity"
    }
  },
  {
    "model": "auth.permission",
    "pk": 54,
    "fields": {
      "name": "Can change activity",
      "content_type": 14,
      "codename": "change_activity"
    }
  },
  {
    "model": "auth.permission",
    "pk": 55,
    "fields": {
      "name": "Can delete activity",
      "content_type": 14,
      "codename": "delete_activity"
    }
  },
  {
    "model": "auth.permission",
    "pk": 56,
    "fields": {
      "name": "Can view activity",
      "content_type": 14,
      "codename": "view_activity"
    }
  },
  {
    "model": "auth.permission",
    "pk": 57,
    "fields": {
      "name": "Can add brand",
      "content_type": 15,
      "codename": "add_brand"
    }
  },
  {
    "model": "auth.permission",
    "pk": 58,
    "fields": {
      "name": "Can change brand",
      "content_type": 15,
      "codename": "change_brand"
    }
  },
  {
    "model": "auth.permission",
    "pk": 59,
    "fields": {
      "name": "Can delete brand",
      "content_type": 15,
      "codename": "delete_brand"
    }
  },
  {
    "model": "auth.permission",
    "pk": 60,
    "fields": {
      "name": "Can view brand",
      "content_type": 15,
      "codename": "view_brand"
    }
  },
  {
    "model": "auth.permission",
    "pk": 61,
    "fields": {
      "name": "Can add feature product",
      "content_type": 16,
      "codename": "add_featureproduct"
    }
  },
  {
    "model": "auth.permission",
    "pk": 62,
    "fields": {
      "name": "Can change feature product",
      "content_type": 16,
      "codename": "change_featureproduct"
    }
  },
  {
    "model": "auth.permission",
    "pk": 63,
    "fields": {
      "name": "Can delete feature product",
      "content_type": 16,
      "codename": "delete_featureproduct"
    }
  },
  {
    "model": "auth.permission",
    "pk": 64,
    "fields": {
      "name": "Can view feature product",
      "content_type": 16,
      "codename": "view_featureproduct"
    }
  },
  {
    "model": "auth.permission",
    "pk": 65,
    "fields": {
      "name": "Can add review model",
      "content_type": 17,
      "codename": "add_reviewmodel"
    }
  },
  {
    "model": "auth.permission",
    "pk": 66,
    "fields": {
      "name": "Can change review model",
      "content_type": 17,
      "codename": "change_reviewmodel"
    }
  },
  {
    "model": "auth.permission",
    "pk": 67,
    "fields": {
      "name": "Can delete review model",
      "content_type": 17,
      "codename": "delete_reviewmodel"
    }
  },
  {
    "model": "auth.permission",
    "pk": 68,
    "fields": {
      "name": "Can view review model",
      "content_type": 17,
      "codename": "view_reviewmodel"
    }
  },
  {
    "model": "auth.user",
    "pk": 1,
    "fields": {
      "password": "pbkdf2_sha256$720000$6XUTWMHqE7eaOQu3ZlHT3y$bwbywTZLpt1a+/hAMDoVlET33le63rN9+ur2jKfZwSY=",
      "last_login": "2024-05-10T04:47:54.811Z",
      "is_superuser": true,
      "username": "admin",
      "first_name": "Admin",
      "last_name": "Account",
      "email": "admin@gmail.com",
      "is_staff": true,
      "is_active": true,
      "date_joined": "2023-10-08T17:47:30Z",
      "groups": [],
      "user_permissions": []
    }
  },
  {
    "model": "auth.user",
    "pk": 2,
    "fields": {
      "password": "pbkdf2_sha256$260000$mU9tpat2eyAVzuNy9470Tl$56ejRo7YlrfeLT0FL2snFV+6okHQbUgHcgahInXc8ZA=",
      "last_login": "2023-10-09T14:38:13.399Z",
      "is_superuser": false,
      "username": "narayan",
      "first_name": "",
      "last_name": "",
      "email": "ng@gmail.com",
      "is_staff": false,
      "is_active": true,
      "date_joined": "2023-10-09T14:26:18.057Z",
      "groups": [],
      "user_permissions": []
    }
  },
  {
    "model": "auth.user",
    "pk": 3,
    "fields": {
      "password": "pbkdf2_sha256$260000$4OqcqUBjO4dsMM3Fk1r2d8$1wrtc6zQd2iRaf5wXQDkJZIe1cJAUQd9Rsv0Gq8X91I=",
      "last_login": "2023-10-10T03:24:03.303Z",
      "is_superuser": false,
      "username": "rahul",
      "first_name": "",
      "last_name": "",
      "email": "rahul@gmail.com",
      "is_staff": false,
      "is_active": true,
      "date_joined": "2023-10-10T03:23:44.550Z",
      "groups": [],
      "user_permissions": []
    }
  },
  {
    "model": "auth.user",
    "pk": 4,
    "fields": {
      "password": "pbkdf2_sha256$260000$yGMjR1wIyFE51WJakOBtQd$tlUrh8GU7WGCkO7jLC8pbfm9C1Zma9X3vyNwAlbgNZ0=",
      "last_login": "2023-10-16T16:51:17.828Z",
      "is_superuser": false,
      "username": "ramnandan ray",
      "first_name": "",
      "last_name": "",
      "email": "ram@gmail.com",
      "is_staff": false,
      "is_active": true,
      "date_joined": "2023-10-16T16:51:03.549Z",
      "groups": [],
      "user_permissions": []
    }
  },
  {
    "model": "auth.user",
    "pk": 5,
    "fields": {
      "password": "pbkdf2_sha256$260000$hG19FFY3mkkfxmSs2yvNJo$0NlGqW4ksm729po5aaDsoR4BzmDzy3tRN9s6Alg/bBo=",
      "last_login": "2023-10-17T03:16:07.487Z",
      "is_superuser": false,
      "username": "bikash",
      "first_name": "",
      "last_name": "",
      "email": "cry@gmail.com",
      "is_staff": false,
      "is_active": true,
      "date_joined": "2023-10-17T03:15:58.959Z",
      "groups": [],
      "user_permissions": []
    }
  },
  {
    "model": "auth.user",
    "pk": 6,
    "fields": {
      "password": "pbkdf2_sha256$720000$iWduodyYf2MrLpVAy6VJBe$EzKZTftUAvKWSbRsproVeyzZbjTn8KC6ruODccWtx2c=",
      "last_login": "2024-05-10T02:56:10.343Z",
      "is_superuser": false,
      "username": "sanjeev",
      "first_name": "",
      "last_name": "",
      "email": "sanjeev@sanjeev.com",
      "is_staff": false,
      "is_active": true,
      "date_joined": "2024-05-03T11:21:57.476Z",
      "groups": [],
      "user_permissions": []
    }
  },
  {
    "model": "auth.user",
    "pk": 7,
    "fields": {
      "password": "pbkdf2_sha256$720000$deDmqnodEW3QkZAjah4NJr$kfEJYFiFoXC+hqA45d5TZIYcws7XZhVAKd7V6I94OZs=",
      "last_login": "2024-05-10T03:50:58.628Z",
      "is_superuser": false,
      "username": "susant",
      "first_name": "Susant",
      "last_name": "Neupane",
      "email": "susant@gmail.com",
      "is_staff": true,
      "is_active": true,
      "date_joined": "2024-05-09T17:38:47Z",
      "groups": [],
      "user_permissions": [45]
    }
  },
  {
    "model": "auth.user",
    "pk": 8,
    "fields": {
      "password": "pbkdf2_sha256$720000$ODkcnkMzC57cECgXGQzyhe$P/sDaxdJgCHdSY7QltfsGBd5sUN6vXhNUAq9jdYJ+kQ=",
      "last_login": "2024-05-10T03:32:32.676Z",
      "is_superuser": false,
      "username": "charls",
      "first_name": "",
      "last_name": "",
      "email": "charls@gmail.com",
      "is_staff": false,
      "is_active": true,
      "date_joined": "2024-05-10T03:32:17.112Z",
      "groups": [],
      "user_permissions": []
    }
  },
  {
    "model": "auth.user",
    "pk": 9,
    "fields": {
      "password": "pbkdf2_sha256$720000$790jY9Pm7d4Nf61asDVQv9$5JM7qRtks51/SnF0iGMKscWLNeJZVNy2Ao8aXRLA3Eg=",
      "last_login": null,
      "is_superuser": false,
      "username": "Madan",
      "first_name": "",
      "last_name": "",
      "email": "madan@gmaiil.com",
      "is_staff": false,
      "is_active": true,
      "date_joined": "2024-05-10T04:47:32.427Z",
      "groups": [],
      "user_permissions": []
    }
  },
  {
    "model": "contenttypes.contenttype",
    "pk": 1,
    "fields": { "app_label": "admin", "model": "logentry" }
  },
  {
    "model": "contenttypes.contenttype",
    "pk": 2,
    "fields": { "app_label": "auth", "model": "permission" }
  },
  {
    "model": "contenttypes.contenttype",
    "pk": 3,
    "fields": { "app_label": "auth", "model": "group" }
  },
  {
    "model": "contenttypes.contenttype",
    "pk": 4,
    "fields": { "app_label": "auth", "model": "user" }
  },
  {
    "model": "contenttypes.contenttype",
    "pk": 5,
    "fields": { "app_label": "contenttypes", "model": "contenttype" }
  },
  {
    "model": "contenttypes.contenttype",
    "pk": 6,
    "fields": { "app_label": "sessions", "model": "session" }
  },
  {
    "model": "contenttypes.contenttype",
    "pk": 7,
    "fields": { "app_label": "myapp", "model": "fooditem" }
  },
  {
    "model": "contenttypes.contenttype",
    "pk": 8,
    "fields": { "app_label": "myapp", "model": "cart" }
  },
  {
    "model": "contenttypes.contenttype",
    "pk": 9,
    "fields": { "app_label": "myapp", "model": "featureproduct" }
  },
  {
    "model": "contenttypes.contenttype",
    "pk": 10,
    "fields": { "app_label": "myapp", "model": "order" }
  },
  {
    "model": "contenttypes.contenttype",
    "pk": 11,
    "fields": { "app_label": "myapp", "model": "contact" }
  },
  {
    "model": "contenttypes.contenttype",
    "pk": 12,
    "fields": { "app_label": "home", "model": "product" }
  },
  {
    "model": "contenttypes.contenttype",
    "pk": 13,
    "fields": { "app_label": "home", "model": "category" }
  },
  {
    "model": "contenttypes.contenttype",
    "pk": 14,
    "fields": { "app_label": "home", "model": "activity" }
  },
  {
    "model": "contenttypes.contenttype",
    "pk": 15,
    "fields": { "app_label": "home", "model": "brand" }
  },
  {
    "model": "contenttypes.contenttype",
    "pk": 16,
    "fields": { "app_label": "home", "model": "featureproduct" }
  },
  {
    "model": "contenttypes.contenttype",
    "pk": 17,
    "fields": { "app_label": "product", "model": "reviewmodel" }
  },
  {
    "model": "sessions.session",
    "pk": "1nytkb762z8a3xcffpywuak5dc508zik",
    "fields": {
      "session_data": ".eJxVjMsOwiAQRf-FtSHlYRlcuu83kBkGpGogKe3K-O_apAvd3nPOfYmA21rC1tMSZhYXocTpdyOMj1R3wHestyZjq-syk9wVedAup8bpeT3cv4OCvXzrZKNRmVLOcCbj2AAYHRmiBa9ZadYjjpQVsRsGa7MnSMaBZ6TM7Ei8P_4VONM:1s4PsE:1E2gUv8GgkOEzKPX8mZJISGDM-9Ca8mQrGKtDY_8wLM",
      "expire_date": "2024-05-21T18:49:10.007Z"
    }
  },
  {
    "model": "sessions.session",
    "pk": "2hbz2ljwuvn6w34hj6dg5lwa4ax4q3qg",
    "fields": {
      "session_data": ".eJxVjMsOwiAQRf-FtSHAUB4u3fsNZIaHVA0kpV0Z_12bdKHbe865LxZwW2vYRl7CnNiZSXb63QjjI7cdpDu2W-ext3WZie8KP-jg157y83K4fwcVR_3W3npNqEHDpEgZbZSLlGAi4cmBiGhl8aJAEk5np6QpTpmEkcCgARvZ-wO_QjdA:1qt7hD:S9SNpOZPJ4FwNDDxwimy32qFOGN2Hao3eCac-UF-LdU",
      "expire_date": "2023-11-01T14:38:51.324Z"
    }
  },
  {
    "model": "sessions.session",
    "pk": "4wqno86k818v9l7rure6bui02us3arg3",
    "fields": {
      "session_data": ".eJxVjMsOwiAQRf-FtSHlYRlcuu83kBkGpGogKe3K-O_apAvd3nPOfYmA21rC1tMSZhYXocTpdyOMj1R3wHestyZjq-syk9wVedAup8bpeT3cv4OCvXzrZKNRmVLOcCbj2AAYHRmiBa9ZadYjjpQVsRsGa7MnSMaBZ6TM7Ei8P_4VONM:1s5IAk:S31HVvCwtE9yfv1vBlOVbl-ppn1mO37h_YiUEW-RYd0",
      "expire_date": "2024-05-24T04:47:54.830Z"
    }
  },
  {
    "model": "sessions.session",
    "pk": "505editpz1qq82qu2m0ip0sn7qvhiojq",
    "fields": {
      "session_data": ".eJxVjMEOwiAQRP-FsyHQLVvw6L3fQNgFpGpoUtqT8d9tkx70Npn3Zt7Ch20tfmtp8VMUV2HE5bejwM9UDxAfod5nyXNdl4nkociTNjnOMb1up_t3UEIr-9oBUccDZ8wdAiRlejROqZ55gJCsZY0OorF7Qp0AyRGhY4aMGHQUny_X5ze6:1qsaYx:8yEmK-NiUBO3uMv5mMbf6Pc94uZ8XZK7gAuzLcS-F3U",
      "expire_date": "2023-10-31T03:16:07.492Z"
    }
  },
  {
    "model": "sessions.session",
    "pk": "7h8wjq2vioyhhhteiou03h696w0707oq",
    "fields": {
      "session_data": ".eJxVjDEOwjAMRe-SGUUmSYlhZO8ZIju2SAGlUtNOiLtDpA6wvvf-f5lE21rS1nRJk5iL8ebwy5jyQ2sXcqd6m22e67pMbHtid9vsOIs-r3v7d1Colb6OEEQV6BidGwZEghxOmikishdHEHJEEQJ0HHz8QnakCJC957M37w_i1je8:1qq3Ln:rC8MYiN1dPt--q4YAn4mXOLj6zOxKaxxNe96iZH2Z0g",
      "expire_date": "2023-10-24T03:24:03.311Z"
    }
  },
  {
    "model": "sessions.session",
    "pk": "7pq5058rvqxr44hcyjuahqsi62uxys35",
    "fields": {
      "session_data": ".eJxVjEEOwiAQRe_C2hA6tKW4dN8zkJlhKlUDSWlXxrsbki50-997_60CHnsKR5UtrFFd1aQuvxshPyU3EB-Y70Vzyfu2km6KPmnVc4nyup3u30HCmlpNQmwxklucdzzCIGQsR7RT9AaMIXYk0jswPMpgLQJ0QwduBLOQ79XnCxQkOB4:1s5Gzo:V8UKckpqAEz6nds7Et7hdoycMevZ0hzyA9zqbRO3jLg",
      "expire_date": "2024-05-24T03:32:32.691Z"
    }
  },
  {
    "model": "sessions.session",
    "pk": "7vtj3jopo6bewig8uudv4cbph4sdduih",
    "fields": {
      "session_data": ".eJxVjMsOwiAQRf-FtSHAUB4u3fsNZIaHVA0kpV0Z_12bdKHbe865LxZwW2vYRl7CnNiZSXb63QjjI7cdpDu2W-ext3WZie8KP-jg157y83K4fwcVR_3W3npNqEHDpEgZbZSLlGAi4cmBiGhl8aJAEk5np6QpTpmEkcCgARvZ-wO_QjdA:1qpnhE:Q1MKxzevxXSL3vwgbIxvz4uR6PyCMvmt1lyX09oZ7QM",
      "expire_date": "2023-10-23T10:41:08.093Z"
    }
  },
  {
    "model": "sessions.session",
    "pk": "bbbjezd6twgbkxrvn76cv5cle7xyrptl",
    "fields": {
      "session_data": ".eJxVjMsOwiAQRf-FtSHAUB4u3fsNZIaHVA0kpV0Z_12bdKHbe865LxZwW2vYRl7CnNiZSXb63QjjI7cdpDu2W-ext3WZie8KP-jg157y83K4fwcVR_3W3npNqEHDpEgZbZSLlGAi4cmBiGhl8aJAEk5np6QpTpmEkcCgARvZ-wO_QjdA:1qsQoo:C_K5dIUJiaUQx3DfIgvSm0LbHJ_FC14N4MwLKD4uox8",
      "expire_date": "2023-10-30T16:51:50.334Z"
    }
  },
  {
    "model": "sessions.session",
    "pk": "be3emx6tmv76ws46h7zpz5tqgpavl28w",
    "fields": {
      "session_data": ".eJxVjMsOwiAQRf-FtSHlYRlcuu83kBkGpGogKe3K-O_apAvd3nPOfYmA21rC1tMSZhYXocTpdyOMj1R3wHestyZjq-syk9wVedAup8bpeT3cv4OCvXzrZKNRmVLOcCbj2AAYHRmiBa9ZadYjjpQVsRsGa7MnSMaBZ6TM7Ei8P_4VONM:1s5664:PaHqmUfZBUgrfnSGBDX_NNI2nEI3U6AHEzIpqnIZSYY",
      "expire_date": "2024-05-23T15:54:16.428Z"
    }
  },
  {
    "model": "sessions.session",
    "pk": "bq21g96oh7f7pqtc1da5g1xn0l58hpsc",
    "fields": {
      "session_data": ".eJxVjMsOwiAQRf-FtSHlYRlcuu83kBkGpGogKe3K-O_apAvd3nPOfYmA21rC1tMSZhYXocTpdyOMj1R3wHestyZjq-syk9wVedAup8bpeT3cv4OCvXzrZKNRmVLOcCbj2AAYHRmiBa9ZadYjjpQVsRsGa7MnSMaBZ6TM7Ei8P_4VONM:1s4wSl:-7fhW0ByYIQY2vfHyOgaVEBou2Iq9lcQWNNq1DbEn-0",
      "expire_date": "2024-05-23T05:37:03.137Z"
    }
  },
  {
    "model": "sessions.session",
    "pk": "cstxvf1ohhkaoia8d7cm9ohhb9ojdqe1",
    "fields": {
      "session_data": ".eJxVjEEOwiAQRe_C2hCg0AGX7j0DGWamtmpoUtqV8e7apAvd_vfef6mM2zrmrcmSJ1ZnBer0uxWkh9Qd8B3rbdY013WZit4VfdCmrzPL83K4fwcjtvFbYyLkDnAQBy4OKUohn5zzrk_QBYM9QCnALhgT2FsSAulLsNZEwsTq_QHsbjfc:1s57jU:kt-ymdO2pH40cdwJEt7Ii26xnA1SIZ0mHxbOorxB81k",
      "expire_date": "2024-05-23T17:39:04.372Z"
    }
  },
  {
    "model": "sessions.session",
    "pk": "e5jgzj7xzbelawi0iphiaxb529x8bqnu",
    "fields": {
      "session_data": ".eJxVjMsOwiAQRf-FtSHlYRlcuu83kBkGpGogKe3K-O_apAvd3nPOfYmA21rC1tMSZhYXocTpdyOMj1R3wHestyZjq-syk9wVedAup8bpeT3cv4OCvXzrZKNRmVLOcCbj2AAYHRmiBa9ZadYjjpQVsRsGa7MnSMaBZ6TM7Ei8P_4VONM:1s4wZE:J1j3GDV4Rij6gwaWEBUe4Z9ajmNdhH0X6OSaLquvhOU",
      "expire_date": "2024-05-23T05:43:44.270Z"
    }
  },
  {
    "model": "sessions.session",
    "pk": "ep3bkzg7igos0egmrsswqnthed6nlhru",
    "fields": {
      "session_data": ".eJxVjMEOwiAQRP-FsyFAlwIevfcbyC5LpWpoUtqT8d9tkx70Npn3Zt4i4raWuLW8xInFVRhx-e0I0zPXA_AD632Waa7rMpE8FHnSJoeZ8-t2un8HBVvZ10ETONsRKkbsFSkGyr3yHY7eEjkXuqxBj-whJKcywx4JDJGyxgOLzxfsvjgm:1qprET:-YSPQIlAotnmbFGQCYeXCrc9xlNYdH0jMrGLfA2W8KQ",
      "expire_date": "2023-10-23T14:27:41.387Z"
    }
  },
  {
    "model": "sessions.session",
    "pk": "f3dcj0to08s69sii4l7dtu0vz852kxz3",
    "fields": {
      "session_data": ".eJxVjMsOwiAQRf-FtSG8iy7d-w1kgBmpGkhKuzL-uzTpQrf3nHveLMC2lrB1XMKc2YVJdvrdIqQn1h3kB9R746nVdZkj3xV-0M5vLePrerh_gQK9jDdM50wevExIzhqtLFlLRqBKBE7rqCjJbGJOiFKNrlAOJiHBkPJDYp8vBQw42g:1s2rPa:vwhASM0tScF_qO40VbQIk8-L3_70npb6hQobMfWtoEk",
      "expire_date": "2024-05-17T11:49:10.677Z"
    }
  },
  {
    "model": "sessions.session",
    "pk": "fbds63i5iu1501lbh7uq0fxgzh1mf09b",
    "fields": {
      "session_data": ".eJxVjEEOwiAQRe_C2hBggLYu3XsGMjOAVA0kpV0Z765NutDtf-_9lwi4rSVsPS1hjuIsvDj9boT8SHUH8Y711iS3ui4zyV2RB-3y2mJ6Xg7376BgL99aRZ0zgzGkyILVwOQGq0eTbWbtkBh8ZCA2OinrHU1unNjDgMoor1C8P-NFN3w:1s2rJC:B2tGZGaeXouQdLt9ds0E7o2iYPIcizjmZLbF32mDekQ",
      "expire_date": "2024-05-17T11:42:34.096Z"
    }
  },
  {
    "model": "sessions.session",
    "pk": "jhvv15yzdqoabthmpcltt8xmanrpobi1",
    "fields": {
      "session_data": ".eJxVjEEOwiAQRe_C2hCg0AGX7j0DGWamtmpoUtqV8e7apAvd_vfef6mM2zrmrcmSJ1ZnBer0uxWkh9Qd8B3rbdY013WZit4VfdCmrzPL83K4fwcjtvFbYyLkDnAQBy4OKUohn5zzrk_QBYM9QCnALhgT2FsSAulLsNZEwsTq_QHsbjfc:1s5HHe:Jx7CZ09hOnn8eUOAQksagyf-0YWvjTE7bsZMtpMrKKA",
      "expire_date": "2024-05-24T03:50:58.643Z"
    }
  },
  {
    "model": "sessions.session",
    "pk": "jic3fmevuwfw2kcxla0mslj8b1npwdv7",
    "fields": {
      "session_data": ".eJxVjMsOwiAQRf-FtSHAUB4u3fsNZIaHVA0kpV0Z_12bdKHbe865LxZwW2vYRl7CnNiZSXb63QjjI7cdpDu2W-ext3WZie8KP-jg157y83K4fwcVR_3W3npNqEHDpEgZbZSLlGAi4cmBiGhl8aJAEk5np6QpTpmEkcCgARvZ-wO_QjdA:1qsMG4:iidTVr6LzIIW9JM0bZj3i44WTrg-Rkg9cweuCnsJi9g",
      "expire_date": "2023-10-30T11:59:40.830Z"
    }
  },
  {
    "model": "sessions.session",
    "pk": "jpc4y1qz5lqnzwil1cqg9nh09hy5bcdr",
    "fields": {
      "session_data": ".eJxVjMsOwiAQRf-FtSHAUB4u3fsNZIaHVA0kpV0Z_12bdKHbe865LxZwW2vYRl7CnNiZSXb63QjjI7cdpDu2W-ext3WZie8KP-jg157y83K4fwcVR_3W3npNqEHDpEgZbZSLlGAi4cmBiGhl8aJAEk5np6QpTpmEkcCgARvZ-wO_QjdA:1qsMYT:mepkUZqokb5tkUsNIQIODqGTEQlcaBS7exj-jembOys",
      "expire_date": "2023-10-30T12:18:41.220Z"
    }
  },
  {
    "model": "sessions.session",
    "pk": "lq99wu7poao0gkbk961joih483ao6q63",
    "fields": {
      "session_data": ".eJxVjMsOwiAQRf-FtSHAUB4u3fsNZIaHVA0kpV0Z_12bdKHbe865LxZwW2vYRl7CnNiZSXb63QjjI7cdpDu2W-ext3WZie8KP-jg157y83K4fwcVR_3W3npNqEHDpEgZbZSLlGAi4cmBiGhl8aJAEk5np6QpTpmEkcCgARvZ-wO_QjdA:1qpZSI:0KCsZWdjx0-o4gEs1XaMk_I-puCONNS3yXGTD4fRqZE",
      "expire_date": "2023-10-22T19:28:46.709Z"
    }
  },
  {
    "model": "sessions.session",
    "pk": "oq8l2bpo61gkdqwp0nntdzp61yq7zoom",
    "fields": {
      "session_data": ".eJxVjMsOwiAQRf-FtSHAUB4u3fsNZIaHVA0kpV0Z_12bdKHbe865LxZwW2vYRl7CnNiZSXb63QjjI7cdpDu2W-ext3WZie8KP-jg157y83K4fwcVR_3W3npNqEHDpEgZbZSLlGAi4cmBiGhl8aJAEk5np6QpTpmEkcCgARvZ-wO_QjdA:1qq3M8:c1xYX7J9LS6_sr8nAhkANqc7BYmPYWXSCs-qOncR6kI",
      "expire_date": "2023-10-24T03:24:24.502Z"
    }
  },
  {
    "model": "sessions.session",
    "pk": "qdwhwfpuq3samagvgjhzly9crjhts502",
    "fields": {
      "session_data": ".eJxVjMsOwiAQRf-FtSHAUB4u3fsNZIaHVA0kpV0Z_12bdKHbe865LxZwW2vYRl7CnNiZSXb63QjjI7cdpDu2W-ext3WZie8KP-jg157y83K4fwcVR_3W3npNqEHDpEgZbZSLlGAi4cmBiGhl8aJAEk5np6QpTpmEkcCgARvZ-wO_QjdA:1qpshy:zJx6A1Jiw1gRTGflPH1naYs9MPpnEHlcl31GDaIX4l0",
      "expire_date": "2023-10-23T16:02:14.575Z"
    }
  },
  {
    "model": "sessions.session",
    "pk": "yg82axt303sn9of2dsbyuznhvwxgmr85",
    "fields": {
      "session_data": ".eJxVjMsOwiAQRf-FtSHAUB4u3fsNZIaHVA0kpV0Z_12bdKHbe865LxZwW2vYRl7CnNiZSXb63QjjI7cdpDu2W-ext3WZie8KP-jg157y83K4fwcVR_3W3npNqEHDpEgZbZSLlGAi4cmBiGhl8aJAEk5np6QpTpmEkcCgARvZ-wO_QjdA:1qpqy9:4DLESuwcoPmEq5z4YQbNJ53G_nY3bbI3ri6IAhBH6nM",
      "expire_date": "2023-10-23T14:10:49.574Z"
    }
  },
  {
    "model": "home.brand",
    "pk": 1,
    "fields": { "name": "Black Diamond", "image": "brand/4_edited.webp" }
  },
  {
    "model": "home.brand",
    "pk": 2,
    "fields": { "name": "King Camp", "image": "brand/18.webp" }
  },
  {
    "model": "home.brand",
    "pk": 3,
    "fields": { "name": "Sherpa Adventure Gear", "image": "brand/17.webp" }
  },
  {
    "model": "home.brand",
    "pk": 4,
    "fields": { "name": "Cocoon", "image": "brand/2.webp" }
  },
  {
    "model": "home.brand",
    "pk": 5,
    "fields": { "name": "Buff", "image": "brand/3.webp" }
  },
  {
    "model": "home.category",
    "pk": 1,
    "fields": { "name": "Bagpack", "image": "category/1_edited.webp" }
  },
  {
    "model": "home.category",
    "pk": 2,
    "fields": { "name": "Camp Furniture", "image": "category/4_edited.webp" }
  },
  {
    "model": "home.category",
    "pk": 3,
    "fields": { "name": "Camp Kitchen", "image": "category/3_edited.webp" }
  },
  {
    "model": "home.category",
    "pk": 4,
    "fields": { "name": "Cap & Headwear", "image": "category/5_edited.webp" }
  },
  {
    "model": "home.category",
    "pk": 5,
    "fields": {
      "name": "Climbing Equipment",
      "image": "category/2_edited.webp"
    }
  },
  {
    "model": "home.category",
    "pk": 6,
    "fields": { "name": "Eyewear", "image": "category/6_edited.webp" }
  },
  {
    "model": "home.category",
    "pk": 7,
    "fields": { "name": "Footware", "image": "category/shoes.webp" }
  },
  {
    "model": "home.category",
    "pk": 8,
    "fields": { "name": "Trekking Poles", "image": "category/15_edited.webp" }
  },
  {
    "model": "home.category",
    "pk": 9,
    "fields": { "name": "Clothing", "image": "" }
  },
  {
    "model": "home.category",
    "pk": 10,
    "fields": {
      "name": "HEADLAMPS AND LANTERN",
      "image": "category/9_edited.webp"
    }
  },
  {
    "model": "home.activity",
    "pk": 1,
    "fields": { "name": "Trek", "image": "activity/2_1.webp" }
  },
  {
    "model": "home.activity",
    "pk": 2,
    "fields": { "name": "Climb", "image": "activity/1.webp" }
  },
  {
    "model": "home.activity",
    "pk": 3,
    "fields": { "name": "Camp", "image": "activity/3.webp" }
  },
  {
    "model": "home.product",
    "pk": 1,
    "fields": {
      "name": "Pursuit Shock Trekking Poles",
      "description": "Full elastomer harness for ultimate footwear adaptability\r\n14 stainless steel spikes with optimized 8mm length provide superior traction over varied terrain with snow and ice while maintaining underfoot stability on rock and hard surfaces\r\nUltra-durable construction with reinforced dual density elastomer eyelets\r\nFront-point spike positioned for optimal toe-off engagement\r\nHeel webbing loop for easy on/off and heel identification\r\n125 grams per device (size Medium)",
      "price": "21315.00",
      "gender": 2,
      "discount": "0.00",
      "activity": 1,
      "category": 8,
      "brand": 1,
      "quantity": 100,
      "image": "product/edb397_0cc8e14c21b0413299b98ea18f76c492mv2.webp",
      "image2": "product/edb397_34e45305d8884065bbe8af52ee15a222mv2.webp",
      "image3": "product/edb397_900995e519bf4fbaad4c044ecfbcb97bmv2.webp"
    }
  },
  {
    "model": "home.product",
    "pk": 2,
    "fields": {
      "name": "Access Spike Traction Device (Mini Crampons)",
      "description": "Full elastomer harness for ultimate footwear adaptability\r\n14 stainless steel spikes with optimized 8mm length provide superior traction over varied terrain with snow and ice while maintaining underfoot stability on rock and hard surfaces\r\nUltra-durable construction with reinforced dual density elastomer eyelets\r\nFront-point spike positioned for optimal toe-off engagement\r\nHeel webbing loop for easy on/off and heel identification\r\n125 grams per device (size Medium)",
      "price": "8290.00",
      "gender": 2,
      "discount": "5.00",
      "activity": 1,
      "category": 7,
      "brand": 1,
      "quantity": 23,
      "image": "product/edb397_6a60dd9d89c9497fa25232e201c4cb48mv2.webp",
      "image2": "product/edb397_316161cc7e89487a91fb1ba4f8d52f1fmv2.webp",
      "image3": "product/edb397_23acd9940d244c5791d18d870d193d4cmv2.webp"
    }
  },
  {
    "model": "home.product",
    "pk": 3,
    "fields": {
      "name": "Mens Valley Shorts",
      "description": "Primary Fabric is Bluesign approved\r\nLadder lock waist adjustment\r\nHarness compatible hand pockets\r\nHarness compatible zippered thigh pocket\r\nBack right zippered drop in pocket to secure valuables\r\nReflective logos\r\nRegular\r\n28-38\r\nVietnam",
      "price": "10750.00",
      "gender": 0,
      "discount": "5.00",
      "activity": 1,
      "category": 9,
      "brand": 2,
      "quantity": 17,
      "image": "product/edb397_060c39748e65486d965b28d0bec99337mv2_1.webp",
      "image2": "product/edb397_06695833d78a4fbc94e3236804b53c19mv2.webp",
      "image3": "product/edb397_71cef2d27ddd4b8d9ff9f314aa980994mv2.webp"
    }
  },
  {
    "model": "home.product",
    "pk": 4,
    "fields": {
      "name": "Sabertooh Crampons",
      "description": "Redesigned stainless steel construction is durable, resists snowballing and wont rust > Versatile horizontal frontpoints and technical secondary points\r\nLow-profile micro-adjust heel bail offers precision fit\r\nPro version accommodates boots with a toe welt\r\nClip version features flexible toe strap for boots without a toe welt\r\nFor use on a ski boot, you will want to order wide toe bails sold separately\r\nIncludes front and rear dual-density ABS",
      "price": "23200.00",
      "gender": 2,
      "discount": "7.00",
      "activity": 2,
      "category": 5,
      "brand": 4,
      "quantity": 97,
      "image": "product/edb397_83bcb87eb04c4c34a0abe2daf78a6636mv2.webp",
      "image2": "product/edb397_7e1d6138a41d449c8245762c58c01682mv2.webp",
      "image3": ""
    }
  },
  {
    "model": "home.product",
    "pk": 5,
    "fields": {
      "name": "National Geographic Temple Buff",
      "description": "100% recycled REPREVE Performance Microfiber\r\n4-way ULTRA-STRETCH\r\nUPF 50 Sun protection*\r\nMultifunctional - 12+ ways to wear\r\n100% Seamless\r\nMoisture-wicking, quick-drying, breathable\r\nOne-size-fits-most adults",
      "price": "3500.00",
      "gender": 2,
      "discount": "4.00",
      "activity": 3,
      "category": 4,
      "brand": 5,
      "quantity": 25,
      "image": "product/edb397_b0c33ea8603a4340a72ce645058728c8mv2.webp",
      "image2": "",
      "image3": ""
    }
  },
  {
    "model": "home.product",
    "pk": 6,
    "fields": {
      "name": "Distance 1500 Headlamp",
      "description": "Designed for fast-paced, overnight endurance pushes and moving through technical terrain at night, the Distance 1500 represents the pinnacle of headlamp technology. The Distances integrated PowerTap Technology boosts the light to the max setting of 1500 lumens for long-range terrain assessments or spotting trail markers.  The interchangeable, magnetic battery pack has enough capacity to last the entire night at a moderate setting and easily swaps one-handed without stopping when more power is needed. The Distances Comfort Cradle sits low and contours the head to eliminate bounce and features integrated cushioning for all-night comfort.",
      "price": "2100.00",
      "gender": 2,
      "discount": "0.00",
      "activity": 1,
      "category": 10,
      "brand": 1,
      "quantity": 1,
      "image": "product/edb397_6bf662dde60d4c2aa35423bab7f2f2c6mv2_1.webp",
      "image2": "product/edb397_6bf662dde60d4c2aa35423bab7f2f2c6mv2.webp",
      "image3": "product/edb397_8d5e5444cd8e4d19b7aa6edb7ef26bb6mv2.webp"
    }
  },
  {
    "model": "home.product",
    "pk": 7,
    "fields": {
      "name": "Light House 250 Lantern",
      "description": "Two 3W LEDs output up to 250 lumens to light up your campsite or home; brightness level is easy to adjust with the turn of a dial\r\nBuilt-in 4,400 mAH rechargeable battery powers the lantern for 48 hrs. on low and 2 hrs. 30 min. on high\r\nRecharge the lantern anytime, anywhereplug it into a Goal Zero solar panel (sold separately) or any standard USB port, or turn the built-in crank\r\nBattery recharges fully from the sun or USB power source in 7 hrs.; 1 min. of cranking provides 10 min. of runtime\r\nLighthouse 250 lantern can also be used to power your electronic gadgets\r\nUse the built-in USB port to boost your tablet's battery power by 40%, or recharge an e-book once, a smartphone twice or a digital music player six times\r\nGoal Zero Lighthouse 250 LED Lantern has a battery level indicator that lets you know when you need to recharge the battery",
      "price": "6450.00",
      "gender": 2,
      "discount": "0.00",
      "activity": 3,
      "category": 10,
      "brand": 3,
      "quantity": 1,
      "image": "product/edb397_6dad785ef84743fbb22afc6db27ed703mv2.webp",
      "image2": "product/edb397_6dad785ef84743fbb22afc6db27ed703mv2_1.webp",
      "image3": "product/edb397_bbbab0194c844a21964f259daedbc529mv2.webp"
    }
  },
  {
    "model": "home.product",
    "pk": 8,
    "fields": {
      "name": "Mission 75",
      "description": "Product Description\r\nNew BD X-rip 420d Nylon body fabric with UTS coating\r\nWelded front abrasion patch for improved protection against rock, ice and crampon spikes.\r\nNew custom metal dogbone ice tool attachment with micro ice-tool PickPockets and removable 20 mm crampon straps\r\nTop-loading, with removable lid, drawcord skirt closure and tuck-away rope strap\r\nStrippable design: removable frame sheet / bivy pad and removable hipbelt with fixed webbing belt\r\nRedesigned Shoulder Strap harness for improved comfort and durability\r\nMoisture-wicking redesigned back-panel\r\nRaincover available separately.",
      "price": "22000.00",
      "gender": 2,
      "discount": "0.00",
      "activity": 1,
      "category": 1,
      "brand": 4,
      "quantity": 1,
      "image": "product/edb397_512c7e1685d24bfb8986a839a7268d45mv2.webp",
      "image2": "product/edb397_512c7e1685d24bfb8986a839a7268d45mv2_kMoELPI.webp",
      "image3": "product/edb397_cca1a9f0895a43deb3aaa18b24e6b81fmv2.webp"
    }
  },
  {
    "model": "home.product",
    "pk": 9,
    "fields": {
      "name": "Durabag Pro",
      "description": "Product Description\r\nDurabag Pro Hydration Pack Features\r\n\r\nPadded shoulder straps\r\nValve Docking station\r\nInsulated hydration compartment\r\nEssentials compartment with internal storeganizer\r\nCarrying handle\r\nSOURCE Hydration Features:\r\n\r\nHelix bite valve - Comfortable valve with safety shutoff mode\r\nCo-Ex tube\r\nBladder with Triple layer taste and odor free film\r\nGlass Like Film Technology\r\nGrunge-Guard Technology\r\nTaste Free System\r\nEasy Care & Low Maintenance",
      "price": "4760.00",
      "gender": 2,
      "discount": "5.00",
      "activity": 3,
      "category": 1,
      "brand": 2,
      "quantity": 1,
      "image": "product/edb397_88a6cd044d214d5d8ba8fda04a185e18mv2.webp",
      "image2": "product/edb397_6548b543d4414d689665107299beab2bmv2.webp",
      "image3": ""
    }
  },
  {
    "model": "home.product",
    "pk": 10,
    "fields": {
      "name": "Yatra Adventure Pack",
      "description": "Product Description\r\nCORDURA fabric is durable, for tear, scuff and abrasion resistance\r\nDWR (durable water-repellent) finish\r\nRoll top closure\r\nPadded, fleece lined laptop sleeve, with side entry zipper for easy access\r\nHimalayan inspired printed taffeta liner and trims\r\nTwo large external pockets that snap shut for easy access\r\nTwo large side external water bottle pockets\r\nVentilating AirMesh on inside of adjustable shoulder straps and pack back for coolness and comfort next to skin",
      "price": "10650.00",
      "gender": 2,
      "discount": "2.00",
      "activity": 1,
      "category": 1,
      "brand": 1,
      "quantity": 1,
      "image": "product/edb397_6d674587ae5d4a728c97794c48af6747mv2.webp",
      "image2": "product/edb397_24768212254b454bab71957990372a1cmv2.webp",
      "image3": ""
    }
  },
  {
    "model": "home.product",
    "pk": 11,
    "fields": {
      "name": "Transporter 65L",
      "description": "Product Description\r\nZippered end pocket with overlapping rain flaps for quick access to smaller items\r\nFour burly webbing grab handles\r\nEight side panel web lashing points securing duffel or attaching gear\r\nFour lower web lashing points for securing duffels\r\nLarge, lockable U-zip access to main compartment\r\nWeather-protected main compartment zip path with overlapping rain flaps\r\nStowaway contoured harness and yoke for comfortable backpack carry\r\nInternal zippered mesh side panel pocket\r\nShoulder strap included",
      "price": "18865.00",
      "gender": 2,
      "discount": "4.00",
      "activity": 3,
      "category": 1,
      "brand": 5,
      "quantity": 1,
      "image": "product/edb397_29b0d48a24814ab6a66c0b33b959c6femv2.webp",
      "image2": "product/edb397_e6a42a2d04cd460ca31a5de0d2b5ba08mv2.webp",
      "image3": "product/edb397_8533b15468f0442d9a3ec66dd522bf84mv2.webp"
    }
  },
  {
    "model": "home.product",
    "pk": 12,
    "fields": {
      "name": "FT08 Aluminium Alloy Folding Table",
      "description": "Product Description\r\nSandblasted Desktop: Aluminium alloy material not easy to rust.\r\nConnect Plastic Parts: Flexible link and strong durability\r\nAluminium alloy support: Strong and durable, excellent bearing capacity\r\nCompact card slot: Easy to install and not easy to loose.\r\nNon-Slip table legs: High density non-slip footcover, cross bar clamping position accurately and securely.\r\nLoad bearing: Within 20kgs",
      "price": "3800.00",
      "gender": 2,
      "discount": "0.00",
      "activity": 3,
      "category": 2,
      "brand": 1,
      "quantity": 1,
      "image": "product/edb397_9707b0b6d8a14dc391f059f4a4c6d2f8mv2.webp",
      "image2": "product/edb397_9de3bea3ac174b678c397201209d7315mv2.webp",
      "image3": ""
    }
  },
  {
    "model": "home.product",
    "pk": 13,
    "fields": {
      "name": "Naturehike MW02 outdoor folding chair",
      "description": "Product Description\r\n \r\nAesthetically pleasing and durable, Naturehike folding chair can remain in your backyard for years. It can be used for multi-purpose which is perfect to be used for beach, camping, patio parties, home, living room, dining, and many more. With the folding design, it is less time-consuming, to fold and open the chair can said Glamping chair too. Its a neat contemporary design, available in a two range of colors and stain-resistant fabrics.",
      "price": "12000.00",
      "gender": 2,
      "discount": "0.00",
      "activity": 3,
      "category": 2,
      "brand": 2,
      "quantity": 1,
      "image": "product/edb397_1960fcc9ceb6413d88ffb01cf5d0ace8mv2.png",
      "image2": "product/edb397_81df2cfc736f41fc9d1382059ad6370bmv2.webp",
      "image3": "product/edb397_4c4d676ac46941dc95f075ae326be03emv2.webp"
    }
  },
  {
    "model": "home.product",
    "pk": 14,
    "fields": {
      "name": "Monodome 3 person Tent",
      "description": "Product Description\r\nMULTI-PURPOSE: Inner space (79  55  51 inches) is big enough for 2 adults. Center height is 51 inches. With the flysheet and inner together, you will get a professional double layer camping tent, which is warm and waterproof.\r\nEASY TO SET UP: Two fiberglass poles construction ensuring you put up or pack up in about 3 minutes .when you need to use the tent outdoors, Glass fiber poles is safe and durable to use, meanwhile it can help you save much more time.\r\nMATERIAL: Waterproof 185T polyester flysheet , breathable Polyester inner makes the tent durable ,breathless and comfortable\r\nFRAME:4 ropes and 12 steel nails, the camping tent can firmly stands on the ground and it is strong enough to stand up even in stiff winds.\r\nORTABLE: The weight is 5.6 lbs and the size only has 20  6 6 inches after packed, which mak",
      "price": "9350.00",
      "gender": 2,
      "discount": "2.00",
      "activity": 3,
      "category": 2,
      "brand": 4,
      "quantity": 1,
      "image": "product/edb397_f1d2d2ee833e484c9aa5779997374286mv2.webp",
      "image2": "product/edb397_a299ce84608547399c4cb4cb08d815a8mv2.webp",
      "image3": "product/edb397_fdff18bc03b8433b87e1fc52b9b44534mv2.png"
    }
  },
  {
    "model": "home.product",
    "pk": 15,
    "fields": {
      "name": "Canvas Hammock",
      "description": "Product Description\r\nCompact and space saving, packed size 16.14  5.11  5.51 inches, only weight 1.8 kg, portable with carry bag.\r\nFoldable solid wooden spreader bar keeps the hammock open and flat, no squeezed feeling. Set size 78.74  39.37 inches, support weight 100 kg, enough for an adult and a child.\r\nTwo ropes included for tied to two trees; Skin-friendly cotton fabric adds more comfort.\r\nOutdoor Hammock-durable and compact. Ideal for hiking, camping, climbing, boating, traveling, picnic, back-yarding, or garden and yard use",
      "price": "4000.00",
      "gender": 2,
      "discount": "0.00",
      "activity": 1,
      "category": 2,
      "brand": 5,
      "quantity": 1,
      "image": "product/edb397_700a257398f64b8fa920f243f6da1c36mv2.webp",
      "image2": "product/edb397_08f518c3474b4b8b83d1df26508dcdc6mv2.webp",
      "image3": "product/edb397_8efbd76560594d7fbf707dd3ef23a2c4mv2.webp"
    }
  },
  {
    "model": "home.product",
    "pk": 16,
    "fields": {
      "name": "NatureHike 4 pcs Camping Cooking Set Pots",
      "description": "This Camping Cooking Set Pots in 4 pieces are designed for the cooking capacity of 2 to 3 Persons. The pots are made of lightweight aluminum alloy, with a non-stick and high-temperature resistance Teflon coating that can last through years of hard use while still looking shiny.  Foldable silicone handle design for convenient carry and ease of storage.",
      "price": "4000.00",
      "gender": 2,
      "discount": "0.00",
      "activity": 2,
      "category": 3,
      "brand": 4,
      "quantity": 1,
      "image": "product/edb397_a3596dd6331f414187448d7cf3c80a58mv2.webp",
      "image2": "product/edb397_d75d1e9d4c4e4a758753dfbc2f620e3fmv2.webp",
      "image3": "product/edb397_762fa84aa76141b3a3354e77bdcd2706mv2.webp"
    }
  },
  {
    "model": "home.product",
    "pk": 17,
    "fields": {
      "name": "Basic Cooking Stove",
      "description": "Uneven surface but very texture\r\nStainless steel frame, easy to clean up\r\nSafety shut-off device, adjustable heat range, from boil to simmer",
      "price": "3300.00",
      "gender": 2,
      "discount": "0.00",
      "activity": 3,
      "category": 3,
      "brand": 3,
      "quantity": 1,
      "image": "product/edb397_cc66b68d16324d739b10c866da82acd9mv2.webp",
      "image2": "product/edb397_09af21b3e9a2453fa9f6ff473436e9aamv2.webp",
      "image3": "product/edb397_09af21b3e9a2453fa9f6ff473436e9aamv2_nFeRjMS.webp"
    }
  },
  {
    "model": "home.product",
    "pk": 18,
    "fields": {
      "name": "Extendable Spoon",
      "description": "The handle is extendable for deep bags of freeze-dried food or if you want to stir food in deep pots.\r\nIt can also be used as a normal spoon when not extended.",
      "price": "700.00",
      "gender": 2,
      "discount": "0.00",
      "activity": 1,
      "category": 3,
      "brand": 2,
      "quantity": 2,
      "image": "product/edb397_3fa77bc4790a4821a3b459b00add35b8mv2.webp",
      "image2": "product/edb397_e00b00884f3f487a97807062dfe4b63emv2.png",
      "image3": ""
    }
  },
  {
    "model": "home.product",
    "pk": 19,
    "fields": {
      "name": "Icebreaker Cool Lite Merino Flexi Chute",
      "description": "Cool-Lite - A lightweight and breathable fabric blend that is designed to wick moisture away from the body.\r\n\r\nCool-Lite combines two lightweight, natural, performance fibers - premium merino wool and TENCEL, a wood fiber. The result will keep you cool in even the most hot and humid conditions.\r\n\r\nCooler fiber blend\r\n\r\nFast wicking and drying",
      "price": "3850.00",
      "gender": 0,
      "discount": "0.00",
      "activity": 1,
      "category": 4,
      "brand": 1,
      "quantity": 1,
      "image": "product/edb397_d8f330ce26e545fa97720f01ba540f38mv2.webp",
      "image2": "product/edb397_60c1afd331b9473c83d4531565f191b8mv2_1.webp",
      "image3": ""
    }
  },
  {
    "model": "home.product",
    "pk": 20,
    "fields": {
      "name": "Flat Bill Trucker Hat",
      "description": "Primed and ready for long days on the open range, the Flat Bill Trucker Hat is a road trip essential.",
      "price": "1200.00",
      "gender": 2,
      "discount": "0.00",
      "activity": 3,
      "category": 4,
      "brand": 2,
      "quantity": 1,
      "image": "product/edb397_bf122e785c1043d9a8cd9ea83f1f8f06mv2.webp",
      "image2": "product/edb397_d5976fcbcb404a54a01bb38dd485d0c2mv2.webp",
      "image3": "product/edb397_a995b979659d432e9a45ee88f023c8a6mv2.webp"
    }
  },
  {
    "model": "home.product",
    "pk": 21,
    "fields": {
      "name": "Kessler Beanie",
      "description": "One size.\r\nRecycled polyester fabric.",
      "price": "2700.00",
      "gender": 2,
      "discount": "0.00",
      "activity": 2,
      "category": 4,
      "brand": 3,
      "quantity": 1,
      "image": "product/edb397_873642627f244a5eb2c149a9d52615edmv2.webp",
      "image2": "",
      "image3": ""
    }
  },
  {
    "model": "home.product",
    "pk": 22,
    "fields": {
      "name": "Explorer 2.0 Spectron 4",
      "description": "Category 4 polycarbonate glass (visible light transmission rate: 5%) with an anti-reflective treatment: it improves optical comfort by eliminating parasitic reflections. And a flash treatment: it reinforces the filtration of visible light by a mirror effect on the glass. It reflects the light beams and increases the filter effect. Recommended for sports exposed to strong reverberation.\r\n\r\nColor: BRUN / FLASH ARGENT\r\n\r\nSun protection: Category 4\r\n\r\nVLT (visible transmission rate): 5%\r\n\r\nMaterial: Polycarbonate",
      "price": "14000.00",
      "gender": 0,
      "discount": "0.00",
      "activity": 2,
      "category": 6,
      "brand": 4,
      "quantity": 1,
      "image": "product/edb397_fd4f4e106ae64ffea3e9a734ea9fc3a9mv2.webp",
      "image2": "product/edb397_ca778c9d1ace44f9bfb56e922bdf45bdmv2.webp",
      "image3": ""
    }
  },
  {
    "model": "home.product",
    "pk": 23,
    "fields": {
      "name": "Kumacross 2.0",
      "description": "These lightweight, flexible sunglasses are durable enough to take whatever your training dishes out. The wraparound style provides a wide field of vision and maximum protection for your eyes. The Quick-Change Lens System allows you to change lenses easily.\r\n..\r\nHypoallergenic SPX frame material for lightweight flexibility and a comfortable fit\r\n\r\nWraparound design for maximum field of vision and best eye protection",
      "price": "7050.00",
      "gender": 2,
      "discount": "0.00",
      "activity": 2,
      "category": 6,
      "brand": 5,
      "quantity": 1,
      "image": "product/edb397_f3a567c51d0a44b4b754e1ec870db309mv2.webp",
      "image2": "product/edb397_0ea2faba6229440ba1b2a5bdf45bedecmv2.webp",
      "image3": "product/edb397_62bc029b41c44489a23074206f164681mv2.webp"
    }
  },
  {
    "model": "home.product",
    "pk": 24,
    "fields": {
      "name": "TXS Gtx Hiking Shoes",
      "description": "Technical hiking and backpacking boot ideal for use on via ferrata and technical approach routes on hard and rocky terrain, even with heavy backpacks. Comfortable, lightweight, waterproof and breathable, it adopts the GORE-TEX Extended Comfort membrane. The Look & Feel TX Series derives from the approach line and is very lightweight and comfortable thanks to the highly abrasion resistant mesh uppers. The protective, abrasion resistant rubber rand and toecap guarantees maximum protection, while the 3D Flex System allows for maximum mobility and safety on holds. TX S is a structured and protective boot thanks to the stabilizing insole that allows prolonged use. The super sticky Vibram Megagrip sole with pronounced heel and Hiking-Oriented lugs with differentiated thickness favors braking while descending and uphill hold. The perfect product for demanding hikers.",
      "price": "27140.00",
      "gender": 2,
      "discount": "5.00",
      "activity": 2,
      "category": 7,
      "brand": 2,
      "quantity": 1,
      "image": "product/edb397_aa154b7964db4de2956e88c51d91b9d7mv2.webp",
      "image2": "product/edb397_aa154b7964db4de2956e88c51d91b9d7mv2_kC6XfYn.webp",
      "image3": ""
    }
  },
  {
    "model": "home.product",
    "pk": 25,
    "fields": {
      "name": "Womens PHD OD Medium Pattern Crew",
      "description": "4 Degree Elite Fit System\r\n\r\nFor a dialed, performance-oriented fit with flex zone at ankle joint\r\n\r\nIndestructawool\r\n\r\nIndestructawool technology features a patent-pending construction method for exceptional durability and comfort\r\n\r\nMedium Cushion\r\n\r\nMedium thickness, full-sock cushion for heavier loads and higher-volume footwear\r\n\r\nMesh Venting\r\n\r\nMesh ventilation zones provide optimum moisture management and maximum breathability\r\n\r\nPhD\r\n\r\nBuilt for Performance in the Highest Degree\r\n\r\nWomen's Specific Fit\r\n\r\nWomen's specific fit; narrower heel and slimmer fit",
      "price": "3450.00",
      "gender": 1,
      "discount": "0.00",
      "activity": 2,
      "category": 7,
      "brand": 3,
      "quantity": 5,
      "image": "product/edb397_1caa5049920543b39dbd3aa2ad69fe9fmv2.webp",
      "image2": "product/edb397_04f39e51088643da8feab8de39f118e2mv2.webp",
      "image3": ""
    }
  },
  {
    "model": "home.product",
    "pk": 26,
    "fields": {
      "name": "Down Sock",
      "description": "5 individually filled down chambers keep feet warm\r\nseperate down-filled toe chamber\r\nelastic ankle band holds foot in place\r\nnote: not designed for walking",
      "price": "7710.00",
      "gender": 1,
      "discount": "0.00",
      "activity": 3,
      "category": 7,
      "brand": 2,
      "quantity": 1,
      "image": "product/edb397_e4b1d66d6c5d40c6b0fec01933680b45mv2.webp",
      "image2": "product/edb397_e152c20a76e44167b620970e033fbc2bmv2.webp",
      "image3": "product/edb397_438d1b9bcf84466fa55bd0f2db0e50e8mv2.webp"
    }
  },
  {
    "model": "home.product",
    "pk": 27,
    "fields": {
      "name": "Transition Glove",
      "description": "Goat leather and abrasion-resistant woven nylon with four-way stretch\r\nLeather knuckle and palm patches\r\nHook-and-loop cuff closure\r\nCE certified to EN 420 and EN 388 (2142)",
      "price": "6215.00",
      "gender": 0,
      "discount": "5.00",
      "activity": 1,
      "category": 9,
      "brand": 4,
      "quantity": 0,
      "image": "product/edb397_850b56c196f145209149bba6dfb32106mv2.webp",
      "image2": "",
      "image3": ""
    }
  },
  {
    "model": "home.product",
    "pk": 28,
    "fields": {
      "name": "Trail Back Trek Poles",
      "description": "7075 Aluminum shafts\r\nRibbed ergonomic rubber grip for added comfort and breathability\r\nEVA foam grip extension\r\nFlickLock adjustability\r\nRubber grip extension\r\nVari-width nylon webbing strap with woven lining for increased comfort\r\n4 season flex tips with trekking baskets included (snow basket compatible)",
      "price": "10880.00",
      "gender": 2,
      "discount": "5.00",
      "activity": 1,
      "category": 8,
      "brand": 1,
      "quantity": 0,
      "image": "product/edb397_bf77d89bc4b749daaaec3b3e9f245d6cmv2.webp",
      "image2": "",
      "image3": ""
    }
  },
  { "model": "home.featureproduct", "pk": 1, "fields": { "product": 3 } },
  { "model": "home.featureproduct", "pk": 2, "fields": { "product": 5 } },
  { "model": "home.featureproduct", "pk": 3, "fields": { "product": 7 } },
  {
    "model": "myapp.cart",
    "pk": 31,
    "fields": { "user": 1, "product": 1, "qunatity": 1, "isClear": true }
  },
  {
    "model": "myapp.cart",
    "pk": 32,
    "fields": { "user": 1, "product": 2, "qunatity": 1, "isClear": true }
  },
  {
    "model": "myapp.cart",
    "pk": 33,
    "fields": { "user": 7, "product": 3, "qunatity": 1, "isClear": false }
  },
  {
    "model": "myapp.cart",
    "pk": 34,
    "fields": { "user": 7, "product": 7, "qunatity": 1, "isClear": false }
  },
  {
    "model": "myapp.cart",
    "pk": 35,
    "fields": { "user": 6, "product": 1, "qunatity": 1, "isClear": false }
  },
  {
    "model": "myapp.cart",
    "pk": 36,
    "fields": { "user": 6, "product": 2, "qunatity": 2, "isClear": true }
  },
  {
    "model": "myapp.cart",
    "pk": 37,
    "fields": { "user": 6, "product": 3, "qunatity": 1, "isClear": true }
  },
  {
    "model": "myapp.cart",
    "pk": 38,
    "fields": { "user": 1, "product": 6, "qunatity": 1, "isClear": true }
  },
  {
    "model": "myapp.cart",
    "pk": 39,
    "fields": { "user": 1, "product": 5, "qunatity": 1, "isClear": true }
  },
  {
    "model": "myapp.cart",
    "pk": 40,
    "fields": { "user": 1, "product": 6, "qunatity": 1, "isClear": true }
  },
  {
    "model": "myapp.cart",
    "pk": 41,
    "fields": { "user": 1, "product": 1, "qunatity": 1, "isClear": true }
  },
  {
    "model": "myapp.cart",
    "pk": 42,
    "fields": { "user": 1, "product": 5, "qunatity": 1, "isClear": true }
  },
  {
    "model": "myapp.cart",
    "pk": 43,
    "fields": { "user": 8, "product": 3, "qunatity": 1, "isClear": false }
  },
  {
    "model": "myapp.cart",
    "pk": 44,
    "fields": { "user": 8, "product": 2, "qunatity": 2, "isClear": false }
  },
  {
    "model": "myapp.cart",
    "pk": 45,
    "fields": { "user": 8, "product": 6, "qunatity": 3, "isClear": false }
  },
  {
    "model": "myapp.cart",
    "pk": 46,
    "fields": { "user": 1, "product": 6, "qunatity": 1, "isClear": true }
  },
  {
    "model": "myapp.cart",
    "pk": 47,
    "fields": { "user": 1, "product": 6, "qunatity": 1, "isClear": false }
  },
  {
    "model": "myapp.cart",
    "pk": 48,
    "fields": { "user": 1, "product": 5, "qunatity": 1, "isClear": false }
  },
  {
    "model": "myapp.order",
    "pk": 40,
    "fields": {
      "ordered_by": 1,
      "shipping_address": "Duwakot, Changunarayan",
      "mobile": "9862133527",
      "email": "narayang019357@nec.edu.np",
      "total": 1,
      "order_status": "True",
      "created_at": "2024-05-09T17:31:49.722Z",
      "payment_method": "esewa",
      "payment_completed": false
    }
  },
  {
    "model": "myapp.order",
    "pk": 41,
    "fields": {
      "ordered_by": 7,
      "shipping_address": "Duwakot, Changunarayan",
      "mobile": "9862133527",
      "email": "narayang019357@nec.edu.np",
      "total": 1,
      "order_status": "True",
      "created_at": "2024-05-09T22:24:35.773Z",
      "payment_method": "esewa",
      "payment_completed": false
    }
  },
  {
    "model": "myapp.order",
    "pk": 42,
    "fields": {
      "ordered_by": 7,
      "shipping_address": "Morang, Nepal, Changunarayan NEC",
      "mobile": "9807322792",
      "email": "bishalkunwar10@gmail.com",
      "total": 1,
      "order_status": "PL",
      "created_at": "2024-05-09T22:29:31Z",
      "payment_method": "esewa",
      "payment_completed": false
    }
  },
  {
    "model": "myapp.order",
    "pk": 43,
    "fields": {
      "ordered_by": 7,
      "shipping_address": "Morang, Nepal",
      "mobile": "9862206109",
      "email": "gautamdiwas58@gmail.com",
      "total": 1,
      "order_status": "True",
      "created_at": "2024-05-09T22:54:02.069Z",
      "payment_method": "esewa",
      "payment_completed": false
    }
  },
  {
    "model": "myapp.order",
    "pk": 44,
    "fields": {
      "ordered_by": 6,
      "shipping_address": "Morang, Nepal",
      "mobile": "9862206109",
      "email": "gautamdiwas58@gmail.com",
      "total": 1,
      "order_status": "True",
      "created_at": "2024-05-10T03:08:41.651Z",
      "payment_method": "cash on delivery",
      "payment_completed": false
    }
  },
  {
    "model": "myapp.order",
    "pk": 45,
    "fields": {
      "ordered_by": 6,
      "shipping_address": "Morang, Nepal",
      "mobile": "9862206109",
      "email": "gautamdiwas58@gmail.com",
      "total": 1,
      "order_status": "True",
      "created_at": "2024-05-10T03:09:02.404Z",
      "payment_method": "esewa",
      "payment_completed": false
    }
  },
  {
    "model": "myapp.order",
    "pk": 46,
    "fields": {
      "ordered_by": 6,
      "shipping_address": "Duwakot, Changunarayan",
      "mobile": "9862133527",
      "email": "narayang019357@nec.edu.np",
      "total": 1,
      "order_status": "True",
      "created_at": "2024-05-10T03:11:44.776Z",
      "payment_method": "esewa",
      "payment_completed": false
    }
  },
  {
    "model": "myapp.order",
    "pk": 47,
    "fields": {
      "ordered_by": 6,
      "shipping_address": "Duwakot, Changunarayan",
      "mobile": "9862133527",
      "email": "narayang019357@nec.edu.np",
      "total": 1,
      "order_status": "True",
      "created_at": "2024-05-10T03:12:34.291Z",
      "payment_method": "esewa",
      "payment_completed": false
    }
  },
  {
    "model": "myapp.order",
    "pk": 48,
    "fields": {
      "ordered_by": 1,
      "shipping_address": "Duwakot, Changunarayan",
      "mobile": "9862133527",
      "email": "narayang019357@nec.edu.np",
      "total": 1,
      "order_status": "True",
      "created_at": "2024-05-10T03:13:38.047Z",
      "payment_method": "esewa",
      "payment_completed": false
    }
  },
  {
    "model": "myapp.order",
    "pk": 49,
    "fields": {
      "ordered_by": 1,
      "shipping_address": "Duwakot, Changunarayan",
      "mobile": "9862133527",
      "email": "narayang019357@nec.edu.np",
      "total": 1,
      "order_status": "True",
      "created_at": "2024-05-10T03:16:55.218Z",
      "payment_method": "esewa",
      "payment_completed": false
    }
  },
  {
    "model": "myapp.order",
    "pk": 50,
    "fields": {
      "ordered_by": 8,
      "shipping_address": "Duwakot, Changunarayan",
      "mobile": "9862133527",
      "email": "narayang019357@nec.edu.np",
      "total": 1,
      "order_status": "True",
      "created_at": "2024-05-10T03:41:14.239Z",
      "payment_method": "esewa",
      "payment_completed": false
    }
  },
  {
    "model": "myapp.order",
    "pk": 51,
    "fields": {
      "ordered_by": 1,
      "shipping_address": "Belauri-4, Kanchanpur",
      "mobile": "9862133527",
      "email": "everestinstitute0@gmail.com",
      "total": 1,
      "order_status": "True",
      "created_at": "2024-05-10T03:43:55.525Z",
      "payment_method": "esewa",
      "payment_completed": false
    }
  },
  {
    "model": "myapp.order",
    "pk": 52,
    "fields": {
      "ordered_by": 1,
      "shipping_address": "prajwalPant",
      "mobile": "9861440053",
      "email": "prajwalp019359@nec.edu.np",
      "total": 1,
      "order_status": "True",
      "created_at": "2024-05-10T04:51:56.201Z",
      "payment_method": "esewa",
      "payment_completed": false
    }
  },
  {
    "model": "myapp.contact",
    "pk": 1,
    "fields": {
      "name": "Ydv Sooraj",
      "phone": "9843620844",
      "email": "soorajydv9@gmail.com",
      "subject": "gsgsdgsdgs"
    }
  },
  {
    "model": "myapp.contact",
    "pk": 2,
    "fields": {
      "name": "Soorajy",
      "phone": "9843620844",
      "email": "soorajydv9@gmail.com",
      "subject": "fsdgsdgsdgsd"
    }
  },
  {
    "model": "myapp.contact",
    "pk": 3,
    "fields": {
      "name": "Ydv Sooraj",
      "phone": "9843620844",
      "email": "soorajydv9@gmail.com",
      "subject": "gsdsds"
    }
  },
  {
    "model": "myapp.contact",
    "pk": 4,
    "fields": {
      "name": "Narayan Gautam",
      "phone": "9862133527",
      "email": "narayang019357@nec.edu.np",
      "subject": "cxczczczczczc"
    }
  },
  {
    "model": "myapp.contact",
    "pk": 5,
    "fields": {
      "name": "Susant Neupane",
      "phone": "9847116213",
      "email": "sushantn019393@nec.edu.np",
      "subject": "Malai falano product man parena . Call back me"
    }
  },
  {
    "model": "myapp.contact",
    "pk": 6,
    "fields": {
      "name": "Narayan Gautam",
      "phone": "9862133527",
      "email": "narayang019357@nec.edu.np",
      "subject": "Kura garau na"
    }
  },
  {
    "model": "product.reviewmodel",
    "pk": 1,
    "fields": {
      "user": 7,
      "rating": 4,
      "added_on": "2024-05-09T21:39:35.216Z",
      "review": "Awesome Product !!",
      "product": 1
    }
  },
  {
    "model": "product.reviewmodel",
    "pk": 2,
    "fields": {
      "user": 6,
      "rating": 4,
      "added_on": "2024-05-10T03:00:30.005Z",
      "review": "Dami xaaa",
      "product": 2
    }
  },
  {
    "model": "product.reviewmodel",
    "pk": 3,
    "fields": {
      "user": 8,
      "rating": 3,
      "added_on": "2024-05-10T03:35:02.318Z",
      "review": "mahangobhayo",
      "product": 1
    }
  }
]
